년,월,시도,시군구,등록외국인 수
2022,01,강원도,강릉시,2344
2022,01,강원도,고성군,1202
2022,01,강원도,동해시,724
2022,01,강원도,삼척시,632
2022,01,강원도,속초시,1035
2022,01,강원도,양구군,323
2022,01,강원도,양양군,290
2022,01,강원도,영월군,245
2022,01,강원도,원주시,3298
2022,01,강원도,인제군,296
2022,01,강원도,정선군,263
2022,01,강원도,철원군,604
2022,01,강원도,춘천시,3656
2022,01,강원도,태백시,249
2022,01,강원도,평창군,448
2022,01,강원도,홍천군,738
2022,01,강원도,화천군,215
2022,01,강원도,횡성군,670
2022,01,경기도,가평군,995
2022,01,경기도,고양시 덕양구,4228
2022,01,경기도,고양시 일산동구,3744
2022,01,경기도,고양시 일산서구,2978
2022,01,경기도,과천시,185
2022,01,경기도,광명시,3540
2022,01,경기도,광주시,10891
2022,01,경기도,구리시,1402
2022,01,경기도,군포시,5519
2022,01,경기도,김포시,17720
2022,01,경기도,남양주시,7094
2022,01,경기도,동두천시,3275
2022,01,경기도,부천시,23715
2022,01,경기도,성남시 분당구,2676
2022,01,경기도,성남시 수정구,8879
2022,01,경기도,성남시 중원구,2524
2022,01,경기도,수원시 권선구,8650
2022,01,경기도,수원시 영통구,6777
2022,01,경기도,수원시 장안구,6241
2022,01,경기도,수원시 팔달구,11468
2022,01,경기도,시흥시,31453
2022,01,경기도,안산시 단원구,34753
2022,01,경기도,안산시 상록구,12279
2022,01,경기도,안성시,10873
2022,01,경기도,안양시 동안구,1527
2022,01,경기도,안양시 만안구,4560
2022,01,경기도,양주시,6705
2022,01,경기도,양평군,1295
2022,01,경기도,여주시,3169
2022,01,경기도,연천군,826
2022,01,경기도,오산시,8567
2022,01,경기도,용인시 기흥구,4168
2022,01,경기도,용인시 수지구,2738
2022,01,경기도,용인시 처인구,9104
2022,01,경기도,의왕시,998
2022,01,경기도,의정부시,4642
2022,01,경기도,이천시,6635
2022,01,경기도,파주시,10280
2022,01,경기도,평택시,23977
2022,01,경기도,포천시,11293
2022,01,경기도,하남시,2192
2022,01,경기도,화성시,35096
2022,01,경상남도,거제시,5270
2022,01,경상남도,거창군,506
2022,01,경상남도,고성군,1018
2022,01,경상남도,김해시,15999
2022,01,경상남도,남해군,754
2022,01,경상남도,밀양시,2455
2022,01,경상남도,사천시,2919
2022,01,경상남도,산청군,522
2022,01,경상남도,양산시,5559
2022,01,경상남도,의령군,704
2022,01,경상남도,진주시,4455
2022,01,경상남도,창녕군,2111
2022,01,경상남도,창원시 마산합포구,1931
2022,01,경상남도,창원시 마산회원구,1786
2022,01,경상남도,창원시 성산구,3361
2022,01,경상남도,창원시 의창구,2801
2022,01,경상남도,창원시 진해구,2947
2022,01,경상남도,통영시,3512
2022,01,경상남도,하동군,440
2022,01,경상남도,함안군,2789
2022,01,경상남도,함양군,363
2022,01,경상남도,합천군,565
2022,01,경상북도,경산시,10403
2022,01,경상북도,경주시,9419
2022,01,경상북도,고령군,1377
2022,01,경상북도,구미시,4589
2022,01,경상북도,군위군,422
2022,01,경상북도,김천시,2337
2022,01,경상북도,문경시,626
2022,01,경상북도,봉화군,307
2022,01,경상북도,상주시,1005
2022,01,경상북도,성주군,1419
2022,01,경상북도,안동시,1284
2022,01,경상북도,영덕군,920
2022,01,경상북도,영양군,255
2022,01,경상북도,영주시,773
2022,01,경상북도,영천시,2607
2022,01,경상북도,예천군,489
2022,01,경상북도,울릉군,129
2022,01,경상북도,울진군,1440
2022,01,경상북도,의성군,505
2022,01,경상북도,청도군,927
2022,01,경상북도,청송군,184
2022,01,경상북도,칠곡군,3686
2022,01,경상북도,포항시 남구,3139
2022,01,경상북도,포항시 북구,2628
2022,01,광주광역시,광산구,11779
2022,01,광주광역시,남구,1428
2022,01,광주광역시,동구,1575
2022,01,광주광역시,북구,4402
2022,01,광주광역시,서구,1617
2022,01,대구광역시,남구,1867
2022,01,대구광역시,달서구,9658
2022,01,대구광역시,달성군,5040
2022,01,대구광역시,동구,1651
2022,01,대구광역시,북구,4614
2022,01,대구광역시,서구,2046
2022,01,대구광역시,수성구,1628
2022,01,대구광역시,중구,728
2022,01,대전광역시,대덕구,2096
2022,01,대전광역시,동구,4157
2022,01,대전광역시,서구,3575
2022,01,대전광역시,유성구,6265
2022,01,대전광역시,중구,1368
2022,01,부산광역시,강서구,4083
2022,01,부산광역시,금정구,3552
2022,01,부산광역시,기장군,1804
2022,01,부산광역시,남구,4949
2022,01,부산광역시,동구,1571
2022,01,부산광역시,동래구,882
2022,01,부산광역시,부산진구,2280
2022,01,부산광역시,북구,1877
2022,01,부산광역시,사상구,3989
2022,01,부산광역시,사하구,3525
2022,01,부산광역시,서구,1781
2022,01,부산광역시,수영구,1293
2022,01,부산광역시,연제구,697
2022,01,부산광역시,영도구,1571
2022,01,부산광역시,중구,1867
2022,01,부산광역시,해운대구,3522
2022,01,서울특별시,강남구,4802
2022,01,서울특별시,강동구,3817
2022,01,서울특별시,강북구,3384
2022,01,서울특별시,강서구,5438
2022,01,서울특별시,관악구,13764
2022,01,서울특별시,광진구,12622
2022,01,서울특별시,구로구,24239
2022,01,서울특별시,금천구,14024
2022,01,서울특별시,노원구,4026
2022,01,서울특별시,도봉구,2018
2022,01,서울특별시,동대문구,14373
2022,01,서울특별시,동작구,8847
2022,01,서울특별시,마포구,9909
2022,01,서울특별시,서대문구,10810
2022,01,서울특별시,서초구,3863
2022,01,서울특별시,성동구,6642
2022,01,서울특별시,성북구,9573
2022,01,서울특별시,송파구,5668
2022,01,서울특별시,양천구,3202
2022,01,서울특별시,영등포구,23890
2022,01,서울특별시,용산구,14226
2022,01,서울특별시,은평구,3856
2022,01,서울특별시,종로구,9113
2022,01,서울특별시,중구,9336
2022,01,서울특별시,중랑구,4529
2022,01,세종특별자치시,세종특별자치시,4875
2022,01,울산광역시,남구,4163
2022,01,울산광역시,동구,2992
2022,01,울산광역시,북구,2134
2022,01,울산광역시,울주군,5819
2022,01,울산광역시,중구,1648
2022,01,인천광역시,강화군,751
2022,01,인천광역시,계양구,3123
2022,01,인천광역시,남동구,10937
2022,01,인천광역시,동구,841
2022,01,인천광역시,미추홀구,9118
2022,01,인천광역시,부평구,13838
2022,01,인천광역시,서구,11296
2022,01,인천광역시,연수구,12488
2022,01,인천광역시,옹진군,194
2022,01,인천광역시,중구,3898
2022,01,전라남도,강진군,418
2022,01,전라남도,고흥군,956
2022,01,전라남도,곡성군,407
2022,01,전라남도,광양시,1493
2022,01,전라남도,구례군,184
2022,01,전라남도,나주시,2631
2022,01,전라남도,담양군,890
2022,01,전라남도,목포시,3036
2022,01,전라남도,무안군,1586
2022,01,전라남도,보성군,405
2022,01,전라남도,순천시,2114
2022,01,전라남도,신안군,724
2022,01,전라남도,여수시,5101
2022,01,전라남도,영광군,875
2022,01,전라남도,영암군,4140
2022,01,전라남도,완도군,2132
2022,01,전라남도,장성군,914
2022,01,전라남도,장흥군,486
2022,01,전라남도,진도군,1332
2022,01,전라남도,함평군,603
2022,01,전라남도,해남군,1285
2022,01,전라남도,화순군,777
2022,01,전라북도,고창군,808
2022,01,전라북도,군산시,5836
2022,01,전라북도,김제시,1761
2022,01,전라북도,남원시,871
2022,01,전라북도,무주군,187
2022,01,전라북도,부안군,789
2022,01,전라북도,순창군,315
2022,01,전라북도,완주군,2976
2022,01,전라북도,익산시,4424
2022,01,전라북도,임실군,271
2022,01,전라북도,장수군,323
2022,01,전라북도,전주시 덕진구,4564
2022,01,전라북도,전주시 완산구,4313
2022,01,전라북도,정읍시,2446
2022,01,전라북도,진안군,318
2022,01,제주특별자치도,서귀포시,6917
2022,01,제주특별자치도,제주시,13661
2022,01,충청남도,계룡시,191
2022,01,충청남도,공주시,1926
2022,01,충청남도,금산군,1899
2022,01,충청남도,논산시,3683
2022,01,충청남도,당진시,5074
2022,01,충청남도,보령시,2778
2022,01,충청남도,부여군,1122
2022,01,충청남도,서산시,3835
2022,01,충청남도,서천군,1243
2022,01,충청남도,아산시,16245
2022,01,충청남도,예산군,1985
2022,01,충청남도,천안시 동남구,7703
2022,01,충청남도,천안시 서북구,10166
2022,01,충청남도,청양군,602
2022,01,충청남도,태안군,1361
2022,01,충청남도,홍성군,2315
2022,01,충청북도,괴산군,810
2022,01,충청북도,단양군,170
2022,01,충청북도,보은군,494
2022,01,충청북도,영동군,802
2022,01,충청북도,옥천군,679
2022,01,충청북도,음성군,8378
2022,01,충청북도,제천시,1476
2022,01,충청북도,증평군,847
2022,01,충청북도,진천군,5479
2022,01,충청북도,청주시 상당구,1117
2022,01,충청북도,청주시 서원구,2484
2022,01,충청북도,청주시 청원구,3730
2022,01,충청북도,청주시 흥덕구,4880
2022,01,충청북도,충주시,4484
2022,02,강원도,강릉시,2307
2022,02,강원도,고성군,1188
2022,02,강원도,동해시,728
2022,02,강원도,삼척시,636
2022,02,강원도,속초시,1043
2022,02,강원도,양구군,325
2022,02,강원도,양양군,287
2022,02,강원도,영월군,243
2022,02,강원도,원주시,3280
2022,02,강원도,인제군,290
2022,02,강원도,정선군,264
2022,02,강원도,철원군,604
2022,02,강원도,춘천시,3685
2022,02,강원도,태백시,247
2022,02,강원도,평창군,444
2022,02,강원도,홍천군,741
2022,02,강원도,화천군,212
2022,02,강원도,횡성군,667
2022,02,경기도,가평군,1002
2022,02,경기도,고양시 덕양구,4216
2022,02,경기도,고양시 일산동구,3743
2022,02,경기도,고양시 일산서구,2974
2022,02,경기도,과천시,190
2022,02,경기도,광명시,3517
2022,02,경기도,광주시,10872
2022,02,경기도,구리시,1393
2022,02,경기도,군포시,5480
2022,02,경기도,김포시,17773
2022,02,경기도,남양주시,7060
2022,02,경기도,동두천시,3243
2022,02,경기도,부천시,23692
2022,02,경기도,성남시 분당구,2659
2022,02,경기도,성남시 수정구,8828
2022,02,경기도,성남시 중원구,2494
2022,02,경기도,수원시 권선구,8626
2022,02,경기도,수원시 영통구,6731
2022,02,경기도,수원시 장안구,6255
2022,02,경기도,수원시 팔달구,11373
2022,02,경기도,시흥시,31290
2022,02,경기도,안산시 단원구,34416
2022,02,경기도,안산시 상록구,12156
2022,02,경기도,안성시,10833
2022,02,경기도,안양시 동안구,1531
2022,02,경기도,안양시 만안구,4525
2022,02,경기도,양주시,6737
2022,02,경기도,양평군,1277
2022,02,경기도,여주시,3151
2022,02,경기도,연천군,829
2022,02,경기도,오산시,8572
2022,02,경기도,용인시 기흥구,4117
2022,02,경기도,용인시 수지구,2698
2022,02,경기도,용인시 처인구,9092
2022,02,경기도,의왕시,995
2022,02,경기도,의정부시,4637
2022,02,경기도,이천시,6604
2022,02,경기도,파주시,10257
2022,02,경기도,평택시,24136
2022,02,경기도,포천시,11302
2022,02,경기도,하남시,2219
2022,02,경기도,화성시,35072
2022,02,경상남도,거제시,5223
2022,02,경상남도,거창군,517
2022,02,경상남도,고성군,1015
2022,02,경상남도,김해시,16017
2022,02,경상남도,남해군,760
2022,02,경상남도,밀양시,2439
2022,02,경상남도,사천시,2931
2022,02,경상남도,산청군,526
2022,02,경상남도,양산시,5535
2022,02,경상남도,의령군,691
2022,02,경상남도,진주시,4448
2022,02,경상남도,창녕군,2077
2022,02,경상남도,창원시 마산합포구,1925
2022,02,경상남도,창원시 마산회원구,1782
2022,02,경상남도,창원시 성산구,3352
2022,02,경상남도,창원시 의창구,2790
2022,02,경상남도,창원시 진해구,2946
2022,02,경상남도,통영시,3537
2022,02,경상남도,하동군,436
2022,02,경상남도,함안군,2791
2022,02,경상남도,함양군,360
2022,02,경상남도,합천군,593
2022,02,경상북도,경산시,10327
2022,02,경상북도,경주시,9297
2022,02,경상북도,고령군,1381
2022,02,경상북도,구미시,4605
2022,02,경상북도,군위군,420
2022,02,경상북도,김천시,2320
2022,02,경상북도,문경시,632
2022,02,경상북도,봉화군,305
2022,02,경상북도,상주시,1055
2022,02,경상북도,성주군,1420
2022,02,경상북도,안동시,1267
2022,02,경상북도,영덕군,920
2022,02,경상북도,영양군,254
2022,02,경상북도,영주시,768
2022,02,경상북도,영천시,2617
2022,02,경상북도,예천군,482
2022,02,경상북도,울릉군,133
2022,02,경상북도,울진군,1467
2022,02,경상북도,의성군,503
2022,02,경상북도,청도군,918
2022,02,경상북도,청송군,180
2022,02,경상북도,칠곡군,3727
2022,02,경상북도,포항시 남구,3175
2022,02,경상북도,포항시 북구,2639
2022,02,광주광역시,광산구,11700
2022,02,광주광역시,남구,1380
2022,02,광주광역시,동구,1596
2022,02,광주광역시,북구,4390
2022,02,광주광역시,서구,1620
2022,02,대구광역시,남구,1874
2022,02,대구광역시,달서구,9552
2022,02,대구광역시,달성군,4994
2022,02,대구광역시,동구,1645
2022,02,대구광역시,북구,4555
2022,02,대구광역시,서구,2029
2022,02,대구광역시,수성구,1630
2022,02,대구광역시,중구,719
2022,02,대전광역시,대덕구,2087
2022,02,대전광역시,동구,4120
2022,02,대전광역시,서구,3488
2022,02,대전광역시,유성구,6281
2022,02,대전광역시,중구,1375
2022,02,부산광역시,강서구,4101
2022,02,부산광역시,금정구,3454
2022,02,부산광역시,기장군,1796
2022,02,부산광역시,남구,4885
2022,02,부산광역시,동구,1565
2022,02,부산광역시,동래구,893
2022,02,부산광역시,부산진구,2238
2022,02,부산광역시,북구,1837
2022,02,부산광역시,사상구,3884
2022,02,부산광역시,사하구,3510
2022,02,부산광역시,서구,1791
2022,02,부산광역시,수영구,1281
2022,02,부산광역시,연제구,698
2022,02,부산광역시,영도구,1577
2022,02,부산광역시,중구,1865
2022,02,부산광역시,해운대구,3508
2022,02,서울특별시,강남구,4798
2022,02,서울특별시,강동구,3819
2022,02,서울특별시,강북구,3405
2022,02,서울특별시,강서구,5436
2022,02,서울특별시,관악구,13637
2022,02,서울특별시,광진구,12486
2022,02,서울특별시,구로구,24105
2022,02,서울특별시,금천구,13923
2022,02,서울특별시,노원구,3953
2022,02,서울특별시,도봉구,2017
2022,02,서울특별시,동대문구,14189
2022,02,서울특별시,동작구,8645
2022,02,서울특별시,마포구,9898
2022,02,서울특별시,서대문구,10680
2022,02,서울특별시,서초구,3848
2022,02,서울특별시,성동구,6457
2022,02,서울특별시,성북구,9444
2022,02,서울특별시,송파구,5682
2022,02,서울특별시,양천구,3196
2022,02,서울특별시,영등포구,23697
2022,02,서울특별시,용산구,14312
2022,02,서울특별시,은평구,3825
2022,02,서울특별시,종로구,9230
2022,02,서울특별시,중구,9257
2022,02,서울특별시,중랑구,4545
2022,02,세종특별자치시,세종특별자치시,4894
2022,02,울산광역시,남구,4111
2022,02,울산광역시,동구,3159
2022,02,울산광역시,북구,2133
2022,02,울산광역시,울주군,5791
2022,02,울산광역시,중구,1635
2022,02,인천광역시,강화군,749
2022,02,인천광역시,계양구,3151
2022,02,인천광역시,남동구,10930
2022,02,인천광역시,동구,843
2022,02,인천광역시,미추홀구,9172
2022,02,인천광역시,부평구,13916
2022,02,인천광역시,서구,11351
2022,02,인천광역시,연수구,12423
2022,02,인천광역시,옹진군,194
2022,02,인천광역시,중구,3900
2022,02,전라남도,강진군,415
2022,02,전라남도,고흥군,959
2022,02,전라남도,곡성군,414
2022,02,전라남도,광양시,1487
2022,02,전라남도,구례군,187
2022,02,전라남도,나주시,2663
2022,02,전라남도,담양군,901
2022,02,전라남도,목포시,3032
2022,02,전라남도,무안군,1581
2022,02,전라남도,보성군,402
2022,02,전라남도,순천시,2114
2022,02,전라남도,신안군,754
2022,02,전라남도,여수시,4864
2022,02,전라남도,영광군,876
2022,02,전라남도,영암군,4132
2022,02,전라남도,완도군,2126
2022,02,전라남도,장성군,920
2022,02,전라남도,장흥군,489
2022,02,전라남도,진도군,1346
2022,02,전라남도,함평군,605
2022,02,전라남도,해남군,1289
2022,02,전라남도,화순군,779
2022,02,전라북도,고창군,814
2022,02,전라북도,군산시,5841
2022,02,전라북도,김제시,1753
2022,02,전라북도,남원시,875
2022,02,전라북도,무주군,189
2022,02,전라북도,부안군,783
2022,02,전라북도,순창군,316
2022,02,전라북도,완주군,2970
2022,02,전라북도,익산시,4394
2022,02,전라북도,임실군,266
2022,02,전라북도,장수군,323
2022,02,전라북도,전주시 덕진구,4524
2022,02,전라북도,전주시 완산구,4259
2022,02,전라북도,정읍시,2416
2022,02,전라북도,진안군,315
2022,02,제주특별자치도,서귀포시,6971
2022,02,제주특별자치도,제주시,13604
2022,02,충청남도,계룡시,190
2022,02,충청남도,공주시,1888
2022,02,충청남도,금산군,1888
2022,02,충청남도,논산시,3653
2022,02,충청남도,당진시,5040
2022,02,충청남도,보령시,2740
2022,02,충청남도,부여군,1125
2022,02,충청남도,서산시,3830
2022,02,충청남도,서천군,1234
2022,02,충청남도,아산시,16192
2022,02,충청남도,예산군,1982
2022,02,충청남도,천안시 동남구,7604
2022,02,충청남도,천안시 서북구,10152
2022,02,충청남도,청양군,603
2022,02,충청남도,태안군,1365
2022,02,충청남도,홍성군,2318
2022,02,충청북도,괴산군,810
2022,02,충청북도,단양군,169
2022,02,충청북도,보은군,496
2022,02,충청북도,영동군,793
2022,02,충청북도,옥천군,670
2022,02,충청북도,음성군,8340
2022,02,충청북도,제천시,1460
2022,02,충청북도,증평군,846
2022,02,충청북도,진천군,5462
2022,02,충청북도,청주시 상당구,1110
2022,02,충청북도,청주시 서원구,2474
2022,02,충청북도,청주시 청원구,3704
2022,02,충청북도,청주시 흥덕구,4902
2022,02,충청북도,충주시,4487
2022,03,강원도,강릉시,2306
2022,03,강원도,고성군,1217
2022,03,강원도,동해시,727
2022,03,강원도,삼척시,624
2022,03,강원도,속초시,1042
2022,03,강원도,양구군,315
2022,03,강원도,양양군,286
2022,03,강원도,영월군,232
2022,03,강원도,원주시,3312
2022,03,강원도,인제군,291
2022,03,강원도,정선군,259
2022,03,강원도,철원군,613
2022,03,강원도,춘천시,3774
2022,03,강원도,태백시,245
2022,03,강원도,평창군,437
2022,03,강원도,홍천군,754
2022,03,강원도,화천군,209
2022,03,강원도,횡성군,701
2022,03,경기도,가평군,1037
2022,03,경기도,고양시 덕양구,4219
2022,03,경기도,고양시 일산동구,3765
2022,03,경기도,고양시 일산서구,2961
2022,03,경기도,과천시,195
2022,03,경기도,광명시,3468
2022,03,경기도,광주시,10843
2022,03,경기도,구리시,1390
2022,03,경기도,군포시,5461
2022,03,경기도,김포시,17717
2022,03,경기도,남양주시,7047
2022,03,경기도,동두천시,3241
2022,03,경기도,부천시,23714
2022,03,경기도,성남시 분당구,2673
2022,03,경기도,성남시 수정구,8769
2022,03,경기도,성남시 중원구,2464
2022,03,경기도,수원시 권선구,8614
2022,03,경기도,수원시 영통구,6928
2022,03,경기도,수원시 장안구,6314
2022,03,경기도,수원시 팔달구,11288
2022,03,경기도,시흥시,31352
2022,03,경기도,안산시 단원구,34104
2022,03,경기도,안산시 상록구,12237
2022,03,경기도,안성시,10759
2022,03,경기도,안양시 동안구,1537
2022,03,경기도,안양시 만안구,4536
2022,03,경기도,양주시,6680
2022,03,경기도,양평군,1298
2022,03,경기도,여주시,3135
2022,03,경기도,연천군,824
2022,03,경기도,오산시,8517
2022,03,경기도,용인시 기흥구,4206
2022,03,경기도,용인시 수지구,2891
2022,03,경기도,용인시 처인구,9074
2022,03,경기도,의왕시,972
2022,03,경기도,의정부시,4605
2022,03,경기도,이천시,6659
2022,03,경기도,파주시,10353
2022,03,경기도,평택시,24159
2022,03,경기도,포천시,11335
2022,03,경기도,하남시,2198
2022,03,경기도,화성시,34932
2022,03,경상남도,거제시,5146
2022,03,경상남도,거창군,516
2022,03,경상남도,고성군,1005
2022,03,경상남도,김해시,15920
2022,03,경상남도,남해군,772
2022,03,경상남도,밀양시,2434
2022,03,경상남도,사천시,2910
2022,03,경상남도,산청군,528
2022,03,경상남도,양산시,5514
2022,03,경상남도,의령군,683
2022,03,경상남도,진주시,4469
2022,03,경상남도,창녕군,2070
2022,03,경상남도,창원시 마산합포구,1921
2022,03,경상남도,창원시 마산회원구,1750
2022,03,경상남도,창원시 성산구,3337
2022,03,경상남도,창원시 의창구,2895
2022,03,경상남도,창원시 진해구,2968
2022,03,경상남도,통영시,3537
2022,03,경상남도,하동군,432
2022,03,경상남도,함안군,2788
2022,03,경상남도,함양군,359
2022,03,경상남도,합천군,596
2022,03,경상북도,경산시,10341
2022,03,경상북도,경주시,9143
2022,03,경상북도,고령군,1378
2022,03,경상북도,구미시,4606
2022,03,경상북도,군위군,418
2022,03,경상북도,김천시,2351
2022,03,경상북도,문경시,621
2022,03,경상북도,봉화군,299
2022,03,경상북도,상주시,1138
2022,03,경상북도,성주군,1419
2022,03,경상북도,안동시,1281
2022,03,경상북도,영덕군,911
2022,03,경상북도,영양군,250
2022,03,경상북도,영주시,758
2022,03,경상북도,영천시,2617
2022,03,경상북도,예천군,472
2022,03,경상북도,울릉군,136
2022,03,경상북도,울진군,1465
2022,03,경상북도,의성군,501
2022,03,경상북도,청도군,903
2022,03,경상북도,청송군,181
2022,03,경상북도,칠곡군,3745
2022,03,경상북도,포항시 남구,3206
2022,03,경상북도,포항시 북구,2631
2022,03,광주광역시,광산구,11659
2022,03,광주광역시,남구,1348
2022,03,광주광역시,동구,1607
2022,03,광주광역시,북구,4495
2022,03,광주광역시,서구,1631
2022,03,대구광역시,남구,1924
2022,03,대구광역시,달서구,9630
2022,03,대구광역시,달성군,4989
2022,03,대구광역시,동구,1623
2022,03,대구광역시,북구,4754
2022,03,대구광역시,서구,2024
2022,03,대구광역시,수성구,1614
2022,03,대구광역시,중구,732
2022,03,대전광역시,대덕구,2078
2022,03,대전광역시,동구,4295
2022,03,대전광역시,서구,3585
2022,03,대전광역시,유성구,6580
2022,03,대전광역시,중구,1362
2022,03,부산광역시,강서구,4102
2022,03,부산광역시,금정구,3808
2022,03,부산광역시,기장군,1786
2022,03,부산광역시,남구,5047
2022,03,부산광역시,동구,1577
2022,03,부산광역시,동래구,894
2022,03,부산광역시,부산진구,2249
2022,03,부산광역시,북구,1812
2022,03,부산광역시,사상구,4096
2022,03,부산광역시,사하구,3503
2022,03,부산광역시,서구,1788
2022,03,부산광역시,수영구,1285
2022,03,부산광역시,연제구,700
2022,03,부산광역시,영도구,1584
2022,03,부산광역시,중구,1892
2022,03,부산광역시,해운대구,3493
2022,03,서울특별시,강남구,4761
2022,03,서울특별시,강동구,3797
2022,03,서울특별시,강북구,3440
2022,03,서울특별시,강서구,5380
2022,03,서울특별시,관악구,13961
2022,03,서울특별시,광진구,12403
2022,03,서울특별시,구로구,23967
2022,03,서울특별시,금천구,13803
2022,03,서울특별시,노원구,3959
2022,03,서울특별시,도봉구,2002
2022,03,서울특별시,동대문구,14610
2022,03,서울특별시,동작구,8632
2022,03,서울특별시,마포구,10298
2022,03,서울특별시,서대문구,11209
2022,03,서울특별시,서초구,3854
2022,03,서울특별시,성동구,6536
2022,03,서울특별시,성북구,9530
2022,03,서울특별시,송파구,5654
2022,03,서울특별시,양천구,3196
2022,03,서울특별시,영등포구,23501
2022,03,서울특별시,용산구,14349
2022,03,서울특별시,은평구,3754
2022,03,서울특별시,종로구,9409
2022,03,서울특별시,중구,9277
2022,03,서울특별시,중랑구,4557
2022,03,세종특별자치시,세종특별자치시,4894
2022,03,울산광역시,남구,4079
2022,03,울산광역시,동구,3191
2022,03,울산광역시,북구,2131
2022,03,울산광역시,울주군,5822
2022,03,울산광역시,중구,1623
2022,03,인천광역시,강화군,762
2022,03,인천광역시,계양구,3138
2022,03,인천광역시,남동구,10879
2022,03,인천광역시,동구,849
2022,03,인천광역시,미추홀구,9193
2022,03,인천광역시,부평구,13943
2022,03,인천광역시,서구,11312
2022,03,인천광역시,연수구,12541
2022,03,인천광역시,옹진군,191
2022,03,인천광역시,중구,3864
2022,03,전라남도,강진군,417
2022,03,전라남도,고흥군,956
2022,03,전라남도,곡성군,412
2022,03,전라남도,광양시,1481
2022,03,전라남도,구례군,185
2022,03,전라남도,나주시,2657
2022,03,전라남도,담양군,904
2022,03,전라남도,목포시,3023
2022,03,전라남도,무안군,1624
2022,03,전라남도,보성군,399
2022,03,전라남도,순천시,2126
2022,03,전라남도,신안군,750
2022,03,전라남도,여수시,4887
2022,03,전라남도,영광군,880
2022,03,전라남도,영암군,4143
2022,03,전라남도,완도군,2122
2022,03,전라남도,장성군,915
2022,03,전라남도,장흥군,485
2022,03,전라남도,진도군,1340
2022,03,전라남도,함평군,604
2022,03,전라남도,해남군,1284
2022,03,전라남도,화순군,774
2022,03,전라북도,고창군,813
2022,03,전라북도,군산시,5935
2022,03,전라북도,김제시,1733
2022,03,전라북도,남원시,862
2022,03,전라북도,무주군,190
2022,03,전라북도,부안군,779
2022,03,전라북도,순창군,307
2022,03,전라북도,완주군,2974
2022,03,전라북도,익산시,4378
2022,03,전라북도,임실군,261
2022,03,전라북도,장수군,315
2022,03,전라북도,전주시 덕진구,4708
2022,03,전라북도,전주시 완산구,4197
2022,03,전라북도,정읍시,2394
2022,03,전라북도,진안군,315
2022,03,제주특별자치도,서귀포시,6986
2022,03,제주특별자치도,제주시,13637
2022,03,충청남도,계룡시,185
2022,03,충청남도,공주시,1890
2022,03,충청남도,금산군,1891
2022,03,충청남도,논산시,3634
2022,03,충청남도,당진시,5021
2022,03,충청남도,보령시,2732
2022,03,충청남도,부여군,1142
2022,03,충청남도,서산시,3841
2022,03,충청남도,서천군,1233
2022,03,충청남도,아산시,16271
2022,03,충청남도,예산군,1955
2022,03,충청남도,천안시 동남구,7639
2022,03,충청남도,천안시 서북구,10178
2022,03,충청남도,청양군,607
2022,03,충청남도,태안군,1370
2022,03,충청남도,홍성군,2330
2022,03,충청북도,괴산군,810
2022,03,충청북도,단양군,167
2022,03,충청북도,보은군,484
2022,03,충청북도,영동군,793
2022,03,충청북도,옥천군,662
2022,03,충청북도,음성군,8385
2022,03,충청북도,제천시,1451
2022,03,충청북도,증평군,850
2022,03,충청북도,진천군,5436
2022,03,충청북도,청주시 상당구,1094
2022,03,충청북도,청주시 서원구,2524
2022,03,충청북도,청주시 청원구,3689
2022,03,충청북도,청주시 흥덕구,4922
2022,03,충청북도,충주시,4523
2022,04,강원도,강릉시,2339
2022,04,강원도,고성군,1215
2022,04,강원도,동해시,724
2022,04,강원도,삼척시,630
2022,04,강원도,속초시,1041
2022,04,강원도,양구군,315
2022,04,강원도,양양군,290
2022,04,강원도,영월군,230
2022,04,강원도,원주시,3325
2022,04,강원도,인제군,291
2022,04,강원도,정선군,260
2022,04,강원도,철원군,629
2022,04,강원도,춘천시,3782
2022,04,강원도,태백시,246
2022,04,강원도,평창군,434
2022,04,강원도,홍천군,772
2022,04,강원도,화천군,214
2022,04,강원도,횡성군,733
2022,04,경기도,가평군,1033
2022,04,경기도,고양시 덕양구,4262
2022,04,경기도,고양시 일산동구,3772
2022,04,경기도,고양시 일산서구,2944
2022,04,경기도,과천시,193
2022,04,경기도,광명시,3435
2022,04,경기도,광주시,10834
2022,04,경기도,구리시,1417
2022,04,경기도,군포시,5488
2022,04,경기도,김포시,17704
2022,04,경기도,남양주시,7096
2022,04,경기도,동두천시,3292
2022,04,경기도,부천시,23748
2022,04,경기도,성남시 분당구,2667
2022,04,경기도,성남시 수정구,8836
2022,04,경기도,성남시 중원구,2465
2022,04,경기도,수원시 권선구,8673
2022,04,경기도,수원시 영통구,7075
2022,04,경기도,수원시 장안구,6425
2022,04,경기도,수원시 팔달구,11304
2022,04,경기도,시흥시,31376
2022,04,경기도,안산시 단원구,33954
2022,04,경기도,안산시 상록구,12387
2022,04,경기도,안성시,10897
2022,04,경기도,안양시 동안구,1548
2022,04,경기도,안양시 만안구,4554
2022,04,경기도,양주시,6707
2022,04,경기도,양평군,1299
2022,04,경기도,여주시,3166
2022,04,경기도,연천군,828
2022,04,경기도,오산시,8547
2022,04,경기도,용인시 기흥구,4307
2022,04,경기도,용인시 수지구,2957
2022,04,경기도,용인시 처인구,9174
2022,04,경기도,의왕시,985
2022,04,경기도,의정부시,4640
2022,04,경기도,이천시,6659
2022,04,경기도,파주시,10393
2022,04,경기도,평택시,24212
2022,04,경기도,포천시,11401
2022,04,경기도,하남시,2208
2022,04,경기도,화성시,35065
2022,04,경상남도,거제시,5156
2022,04,경상남도,거창군,526
2022,04,경상남도,고성군,1005
2022,04,경상남도,김해시,15901
2022,04,경상남도,남해군,791
2022,04,경상남도,밀양시,2462
2022,04,경상남도,사천시,2887
2022,04,경상남도,산청군,521
2022,04,경상남도,양산시,5480
2022,04,경상남도,의령군,686
2022,04,경상남도,진주시,4472
2022,04,경상남도,창녕군,2093
2022,04,경상남도,창원시 마산합포구,1895
2022,04,경상남도,창원시 마산회원구,1853
2022,04,경상남도,창원시 성산구,3324
2022,04,경상남도,창원시 의창구,2874
2022,04,경상남도,창원시 진해구,2950
2022,04,경상남도,통영시,3521
2022,04,경상남도,하동군,435
2022,04,경상남도,함안군,2748
2022,04,경상남도,함양군,362
2022,04,경상남도,합천군,608
2022,04,경상북도,경산시,10676
2022,04,경상북도,경주시,9051
2022,04,경상북도,고령군,1378
2022,04,경상북도,구미시,4615
2022,04,경상북도,군위군,416
2022,04,경상북도,김천시,2388
2022,04,경상북도,문경시,626
2022,04,경상북도,봉화군,298
2022,04,경상북도,상주시,1180
2022,04,경상북도,성주군,1414
2022,04,경상북도,안동시,1348
2022,04,경상북도,영덕군,910
2022,04,경상북도,영양군,252
2022,04,경상북도,영주시,768
2022,04,경상북도,영천시,2638
2022,04,경상북도,예천군,466
2022,04,경상북도,울릉군,122
2022,04,경상북도,울진군,1462
2022,04,경상북도,의성군,511
2022,04,경상북도,청도군,908
2022,04,경상북도,청송군,180
2022,04,경상북도,칠곡군,3762
2022,04,경상북도,포항시 남구,3205
2022,04,경상북도,포항시 북구,2601
2022,04,광주광역시,광산구,11652
2022,04,광주광역시,남구,1377
2022,04,광주광역시,동구,1591
2022,04,광주광역시,북구,4490
2022,04,광주광역시,서구,1646
2022,04,대구광역시,남구,1918
2022,04,대구광역시,달서구,9665
2022,04,대구광역시,달성군,4992
2022,04,대구광역시,동구,1648
2022,04,대구광역시,북구,4829
2022,04,대구광역시,서구,2021
2022,04,대구광역시,수성구,1638
2022,04,대구광역시,중구,751
2022,04,대전광역시,대덕구,2146
2022,04,대전광역시,동구,4474
2022,04,대전광역시,서구,3824
2022,04,대전광역시,유성구,6656
2022,04,대전광역시,중구,1361
2022,04,부산광역시,강서구,4099
2022,04,부산광역시,금정구,3798
2022,04,부산광역시,기장군,1790
2022,04,부산광역시,남구,5049
2022,04,부산광역시,동구,1577
2022,04,부산광역시,동래구,888
2022,04,부산광역시,부산진구,2235
2022,04,부산광역시,북구,1809
2022,04,부산광역시,사상구,4093
2022,04,부산광역시,사하구,3497
2022,04,부산광역시,서구,1781
2022,04,부산광역시,수영구,1298
2022,04,부산광역시,연제구,693
2022,04,부산광역시,영도구,1603
2022,04,부산광역시,중구,1949
2022,04,부산광역시,해운대구,3628
2022,04,서울특별시,강남구,4878
2022,04,서울특별시,강동구,3843
2022,04,서울특별시,강북구,3512
2022,04,서울특별시,강서구,5408
2022,04,서울특별시,관악구,14029
2022,04,서울특별시,광진구,12818
2022,04,서울특별시,구로구,23950
2022,04,서울특별시,금천구,13781
2022,04,서울특별시,노원구,4082
2022,04,서울특별시,도봉구,2069
2022,04,서울특별시,동대문구,15096
2022,04,서울특별시,동작구,9116
2022,04,서울특별시,마포구,10790
2022,04,서울특별시,서대문구,12071
2022,04,서울특별시,서초구,3895
2022,04,서울특별시,성동구,6855
2022,04,서울특별시,성북구,10198
2022,04,서울특별시,송파구,5698
2022,04,서울특별시,양천구,3204
2022,04,서울특별시,영등포구,23500
2022,04,서울특별시,용산구,14564
2022,04,서울특별시,은평구,3755
2022,04,서울특별시,종로구,9591
2022,04,서울특별시,중구,9462
2022,04,서울특별시,중랑구,4591
2022,04,세종특별자치시,세종특별자치시,4879
2022,04,울산광역시,남구,4065
2022,04,울산광역시,동구,3289
2022,04,울산광역시,북구,2121
2022,04,울산광역시,울주군,5862
2022,04,울산광역시,중구,1640
2022,04,인천광역시,강화군,765
2022,04,인천광역시,계양구,3158
2022,04,인천광역시,남동구,10838
2022,04,인천광역시,동구,848
2022,04,인천광역시,미추홀구,9388
2022,04,인천광역시,부평구,13983
2022,04,인천광역시,서구,11292
2022,04,인천광역시,연수구,12660
2022,04,인천광역시,옹진군,213
2022,04,인천광역시,중구,3847
2022,04,전라남도,강진군,420
2022,04,전라남도,고흥군,952
2022,04,전라남도,곡성군,405
2022,04,전라남도,광양시,1501
2022,04,전라남도,구례군,183
2022,04,전라남도,나주시,2659
2022,04,전라남도,담양군,900
2022,04,전라남도,목포시,3030
2022,04,전라남도,무안군,1704
2022,04,전라남도,보성군,402
2022,04,전라남도,순천시,2150
2022,04,전라남도,신안군,753
2022,04,전라남도,여수시,4924
2022,04,전라남도,영광군,886
2022,04,전라남도,영암군,4189
2022,04,전라남도,완도군,2120
2022,04,전라남도,장성군,917
2022,04,전라남도,장흥군,482
2022,04,전라남도,진도군,1325
2022,04,전라남도,함평군,607
2022,04,전라남도,해남군,1288
2022,04,전라남도,화순군,784
2022,04,전라북도,고창군,828
2022,04,전라북도,군산시,6023
2022,04,전라북도,김제시,1746
2022,04,전라북도,남원시,871
2022,04,전라북도,무주군,197
2022,04,전라북도,부안군,793
2022,04,전라북도,순창군,318
2022,04,전라북도,완주군,3088
2022,04,전라북도,익산시,4407
2022,04,전라북도,임실군,264
2022,04,전라북도,장수군,318
2022,04,전라북도,전주시 덕진구,4732
2022,04,전라북도,전주시 완산구,4449
2022,04,전라북도,정읍시,2416
2022,04,전라북도,진안군,313
2022,04,제주특별자치도,서귀포시,7006
2022,04,제주특별자치도,제주시,13637
2022,04,충청남도,계룡시,189
2022,04,충청남도,공주시,1896
2022,04,충청남도,금산군,1920
2022,04,충청남도,논산시,3715
2022,04,충청남도,당진시,5045
2022,04,충청남도,보령시,2739
2022,04,충청남도,부여군,1161
2022,04,충청남도,서산시,3863
2022,04,충청남도,서천군,1245
2022,04,충청남도,아산시,16221
2022,04,충청남도,예산군,1941
2022,04,충청남도,천안시 동남구,7733
2022,04,충청남도,천안시 서북구,10293
2022,04,충청남도,청양군,617
2022,04,충청남도,태안군,1383
2022,04,충청남도,홍성군,2387
2022,04,충청북도,괴산군,803
2022,04,충청북도,단양군,175
2022,04,충청북도,보은군,482
2022,04,충청북도,영동군,856
2022,04,충청북도,옥천군,654
2022,04,충청북도,음성군,8370
2022,04,충청북도,제천시,1457
2022,04,충청북도,증평군,865
2022,04,충청북도,진천군,5446
2022,04,충청북도,청주시 상당구,1078
2022,04,충청북도,청주시 서원구,2531
2022,04,충청북도,청주시 청원구,3694
2022,04,충청북도,청주시 흥덕구,4945
2022,04,충청북도,충주시,4544
2022,05,강원도,강릉시,2361
2022,05,강원도,고성군,1217
2022,05,강원도,동해시,724
2022,05,강원도,삼척시,679
2022,05,강원도,속초시,1046
2022,05,강원도,양구군,317
2022,05,강원도,양양군,295
2022,05,강원도,영월군,237
2022,05,강원도,원주시,3430
2022,05,강원도,인제군,291
2022,05,강원도,정선군,262
2022,05,강원도,철원군,649
2022,05,강원도,춘천시,3932
2022,05,강원도,태백시,249
2022,05,강원도,평창군,429
2022,05,강원도,홍천군,799
2022,05,강원도,화천군,231
2022,05,강원도,횡성군,744
2022,05,경기도,가평군,1029
2022,05,경기도,고양시 덕양구,4296
2022,05,경기도,고양시 일산동구,3816
2022,05,경기도,고양시 일산서구,2931
2022,05,경기도,과천시,193
2022,05,경기도,광명시,3400
2022,05,경기도,광주시,10899
2022,05,경기도,구리시,1434
2022,05,경기도,군포시,5534
2022,05,경기도,김포시,17863
2022,05,경기도,남양주시,7191
2022,05,경기도,동두천시,3293
2022,05,경기도,부천시,23817
2022,05,경기도,성남시 분당구,2702
2022,05,경기도,성남시 수정구,8828
2022,05,경기도,성남시 중원구,2473
2022,05,경기도,수원시 권선구,8677
2022,05,경기도,수원시 영통구,7129
2022,05,경기도,수원시 장안구,6423
2022,05,경기도,수원시 팔달구,11262
2022,05,경기도,시흥시,31418
2022,05,경기도,안산시 단원구,33945
2022,05,경기도,안산시 상록구,12410
2022,05,경기도,안성시,10919
2022,05,경기도,안양시 동안구,1556
2022,05,경기도,안양시 만안구,4519
2022,05,경기도,양주시,6720
2022,05,경기도,양평군,1313
2022,05,경기도,여주시,3203
2022,05,경기도,연천군,837
2022,05,경기도,오산시,8520
2022,05,경기도,용인시 기흥구,4326
2022,05,경기도,용인시 수지구,2940
2022,05,경기도,용인시 처인구,9148
2022,05,경기도,의왕시,982
2022,05,경기도,의정부시,4672
2022,05,경기도,이천시,6662
2022,05,경기도,파주시,10532
2022,05,경기도,평택시,24310
2022,05,경기도,포천시,11565
2022,05,경기도,하남시,2232
2022,05,경기도,화성시,35295
2022,05,경상남도,거제시,5120
2022,05,경상남도,거창군,558
2022,05,경상남도,고성군,1012
2022,05,경상남도,김해시,15989
2022,05,경상남도,남해군,798
2022,05,경상남도,밀양시,2453
2022,05,경상남도,사천시,2899
2022,05,경상남도,산청군,529
2022,05,경상남도,양산시,5542
2022,05,경상남도,의령군,682
2022,05,경상남도,진주시,4475
2022,05,경상남도,창녕군,2081
2022,05,경상남도,창원시 마산합포구,1886
2022,05,경상남도,창원시 마산회원구,1884
2022,05,경상남도,창원시 성산구,3319
2022,05,경상남도,창원시 의창구,2904
2022,05,경상남도,창원시 진해구,2933
2022,05,경상남도,통영시,3558
2022,05,경상남도,하동군,432
2022,05,경상남도,함안군,2755
2022,05,경상남도,함양군,357
2022,05,경상남도,합천군,617
2022,05,경상북도,경산시,10724
2022,05,경상북도,경주시,9064
2022,05,경상북도,고령군,1408
2022,05,경상북도,구미시,4609
2022,05,경상북도,군위군,417
2022,05,경상북도,김천시,2390
2022,05,경상북도,문경시,625
2022,05,경상북도,봉화군,298
2022,05,경상북도,상주시,1199
2022,05,경상북도,성주군,1424
2022,05,경상북도,안동시,1344
2022,05,경상북도,영덕군,894
2022,05,경상북도,영양군,253
2022,05,경상북도,영주시,812
2022,05,경상북도,영천시,2666
2022,05,경상북도,예천군,482
2022,05,경상북도,울릉군,115
2022,05,경상북도,울진군,1474
2022,05,경상북도,의성군,516
2022,05,경상북도,청도군,917
2022,05,경상북도,청송군,183
2022,05,경상북도,칠곡군,3776
2022,05,경상북도,포항시 남구,3260
2022,05,경상북도,포항시 북구,2632
2022,05,광주광역시,광산구,11751
2022,05,광주광역시,남구,1383
2022,05,광주광역시,동구,1585
2022,05,광주광역시,북구,4513
2022,05,광주광역시,서구,1666
2022,05,대구광역시,남구,1923
2022,05,대구광역시,달서구,9745
2022,05,대구광역시,달성군,5014
2022,05,대구광역시,동구,1671
2022,05,대구광역시,북구,4847
2022,05,대구광역시,서구,2021
2022,05,대구광역시,수성구,1652
2022,05,대구광역시,중구,749
2022,05,대전광역시,대덕구,2162
2022,05,대전광역시,동구,4556
2022,05,대전광역시,서구,3858
2022,05,대전광역시,유성구,6713
2022,05,대전광역시,중구,1366
2022,05,부산광역시,강서구,4137
2022,05,부산광역시,금정구,3803
2022,05,부산광역시,기장군,1800
2022,05,부산광역시,남구,5032
2022,05,부산광역시,동구,1593
2022,05,부산광역시,동래구,897
2022,05,부산광역시,부산진구,2254
2022,05,부산광역시,북구,1798
2022,05,부산광역시,사상구,4099
2022,05,부산광역시,사하구,3523
2022,05,부산광역시,서구,1818
2022,05,부산광역시,수영구,1312
2022,05,부산광역시,연제구,698
2022,05,부산광역시,영도구,1610
2022,05,부산광역시,중구,1902
2022,05,부산광역시,해운대구,3618
2022,05,서울특별시,강남구,4912
2022,05,서울특별시,강동구,3849
2022,05,서울특별시,강북구,3537
2022,05,서울특별시,강서구,5426
2022,05,서울특별시,관악구,13983
2022,05,서울특별시,광진구,12841
2022,05,서울특별시,구로구,23939
2022,05,서울특별시,금천구,13721
2022,05,서울특별시,노원구,4104
2022,05,서울특별시,도봉구,2083
2022,05,서울특별시,동대문구,15313
2022,05,서울특별시,동작구,9186
2022,05,서울특별시,마포구,10837
2022,05,서울특별시,서대문구,12199
2022,05,서울특별시,서초구,3903
2022,05,서울특별시,성동구,6878
2022,05,서울특별시,성북구,10304
2022,05,서울특별시,송파구,5681
2022,05,서울특별시,양천구,3197
2022,05,서울특별시,영등포구,23453
2022,05,서울특별시,용산구,14483
2022,05,서울특별시,은평구,3786
2022,05,서울특별시,종로구,9663
2022,05,서울특별시,중구,9624
2022,05,서울특별시,중랑구,4625
2022,05,세종특별자치시,세종특별자치시,4929
2022,05,울산광역시,남구,4066
2022,05,울산광역시,동구,3386
2022,05,울산광역시,북구,2149
2022,05,울산광역시,울주군,5837
2022,05,울산광역시,중구,1631
2022,05,인천광역시,강화군,768
2022,05,인천광역시,계양구,3178
2022,05,인천광역시,남동구,10898
2022,05,인천광역시,동구,851
2022,05,인천광역시,미추홀구,9430
2022,05,인천광역시,부평구,14060
2022,05,인천광역시,서구,11367
2022,05,인천광역시,연수구,12764
2022,05,인천광역시,옹진군,214
2022,05,인천광역시,중구,3885
2022,05,전라남도,강진군,419
2022,05,전라남도,고흥군,977
2022,05,전라남도,곡성군,411
2022,05,전라남도,광양시,1530
2022,05,전라남도,구례군,186
2022,05,전라남도,나주시,2699
2022,05,전라남도,담양군,902
2022,05,전라남도,목포시,3040
2022,05,전라남도,무안군,1717
2022,05,전라남도,보성군,403
2022,05,전라남도,순천시,2198
2022,05,전라남도,신안군,764
2022,05,전라남도,여수시,4973
2022,05,전라남도,영광군,888
2022,05,전라남도,영암군,4271
2022,05,전라남도,완도군,2167
2022,05,전라남도,장성군,926
2022,05,전라남도,장흥군,482
2022,05,전라남도,진도군,1321
2022,05,전라남도,함평군,614
2022,05,전라남도,해남군,1283
2022,05,전라남도,화순군,802
2022,05,전라북도,고창군,878
2022,05,전라북도,군산시,6082
2022,05,전라북도,김제시,1784
2022,05,전라북도,남원시,903
2022,05,전라북도,무주군,198
2022,05,전라북도,부안군,805
2022,05,전라북도,순창군,317
2022,05,전라북도,완주군,3135
2022,05,전라북도,익산시,4436
2022,05,전라북도,임실군,270
2022,05,전라북도,장수군,316
2022,05,전라북도,전주시 덕진구,4769
2022,05,전라북도,전주시 완산구,4450
2022,05,전라북도,정읍시,2437
2022,05,전라북도,진안군,416
2022,05,제주특별자치도,서귀포시,7016
2022,05,제주특별자치도,제주시,13653
2022,05,충청남도,계룡시,181
2022,05,충청남도,공주시,1901
2022,05,충청남도,금산군,1932
2022,05,충청남도,논산시,3745
2022,05,충청남도,당진시,5058
2022,05,충청남도,보령시,2821
2022,05,충청남도,부여군,1193
2022,05,충청남도,서산시,3886
2022,05,충청남도,서천군,1248
2022,05,충청남도,아산시,16277
2022,05,충청남도,예산군,1952
2022,05,충청남도,천안시 동남구,7787
2022,05,충청남도,천안시 서북구,10395
2022,05,충청남도,청양군,620
2022,05,충청남도,태안군,1387
2022,05,충청남도,홍성군,2401
2022,05,충청북도,괴산군,803
2022,05,충청북도,단양군,178
2022,05,충청북도,보은군,484
2022,05,충청북도,영동군,897
2022,05,충청북도,옥천군,672
2022,05,충청북도,음성군,8447
2022,05,충청북도,제천시,1449
2022,05,충청북도,증평군,870
2022,05,충청북도,진천군,5504
2022,05,충청북도,청주시 상당구,1084
2022,05,충청북도,청주시 서원구,2560
2022,05,충청북도,청주시 청원구,3732
2022,05,충청북도,청주시 흥덕구,4948
2022,05,충청북도,충주시,4574
2022,06,강원도,강릉시,2381
2022,06,강원도,고성군,1225
2022,06,강원도,동해시,728
2022,06,강원도,삼척시,714
2022,06,강원도,속초시,1060
2022,06,강원도,양구군,558
2022,06,강원도,양양군,305
2022,06,강원도,영월군,271
2022,06,강원도,원주시,3437
2022,06,강원도,인제군,292
2022,06,강원도,정선군,308
2022,06,강원도,철원군,731
2022,06,강원도,춘천시,3965
2022,06,강원도,태백시,257
2022,06,강원도,평창군,554
2022,06,강원도,홍천군,1046
2022,06,강원도,화천군,332
2022,06,강원도,횡성군,763
2022,06,경기도,가평군,1044
2022,06,경기도,고양시 덕양구,4312
2022,06,경기도,고양시 일산동구,3829
2022,06,경기도,고양시 일산서구,2911
2022,06,경기도,과천시,194
2022,06,경기도,광명시,3386
2022,06,경기도,광주시,10866
2022,06,경기도,구리시,1437
2022,06,경기도,군포시,5526
2022,06,경기도,김포시,18036
2022,06,경기도,남양주시,7264
2022,06,경기도,동두천시,3309
2022,06,경기도,부천시,23794
2022,06,경기도,성남시 분당구,2706
2022,06,경기도,성남시 수정구,8735
2022,06,경기도,성남시 중원구,2471
2022,06,경기도,수원시 권선구,8673
2022,06,경기도,수원시 영통구,7104
2022,06,경기도,수원시 장안구,6395
2022,06,경기도,수원시 팔달구,11179
2022,06,경기도,시흥시,31469
2022,06,경기도,안산시 단원구,33967
2022,06,경기도,안산시 상록구,12557
2022,06,경기도,안성시,10989
2022,06,경기도,안양시 동안구,1575
2022,06,경기도,안양시 만안구,4484
2022,06,경기도,양주시,6839
2022,06,경기도,양평군,1305
2022,06,경기도,여주시,3207
2022,06,경기도,연천군,920
2022,06,경기도,오산시,8474
2022,06,경기도,용인시 기흥구,4292
2022,06,경기도,용인시 수지구,2903
2022,06,경기도,용인시 처인구,9165
2022,06,경기도,의왕시,996
2022,06,경기도,의정부시,4680
2022,06,경기도,이천시,6703
2022,06,경기도,파주시,10631
2022,06,경기도,평택시,24409
2022,06,경기도,포천시,11615
2022,06,경기도,하남시,2229
2022,06,경기도,화성시,35398
2022,06,경상남도,거제시,5194
2022,06,경상남도,거창군,592
2022,06,경상남도,고성군,1011
2022,06,경상남도,김해시,16082
2022,06,경상남도,남해군,809
2022,06,경상남도,밀양시,2474
2022,06,경상남도,사천시,2904
2022,06,경상남도,산청군,531
2022,06,경상남도,양산시,5586
2022,06,경상남도,의령군,682
2022,06,경상남도,진주시,4466
2022,06,경상남도,창녕군,2078
2022,06,경상남도,창원시 마산합포구,1890
2022,06,경상남도,창원시 마산회원구,1907
2022,06,경상남도,창원시 성산구,3313
2022,06,경상남도,창원시 의창구,2923
2022,06,경상남도,창원시 진해구,2940
2022,06,경상남도,통영시,3619
2022,06,경상남도,하동군,438
2022,06,경상남도,함안군,2785
2022,06,경상남도,함양군,368
2022,06,경상남도,합천군,628
2022,06,경상북도,경산시,10818
2022,06,경상북도,경주시,9130
2022,06,경상북도,고령군,1443
2022,06,경상북도,구미시,4642
2022,06,경상북도,군위군,415
2022,06,경상북도,김천시,2444
2022,06,경상북도,문경시,629
2022,06,경상북도,봉화군,303
2022,06,경상북도,상주시,1221
2022,06,경상북도,성주군,1432
2022,06,경상북도,안동시,1371
2022,06,경상북도,영덕군,931
2022,06,경상북도,영양군,257
2022,06,경상북도,영주시,827
2022,06,경상북도,영천시,2682
2022,06,경상북도,예천군,477
2022,06,경상북도,울릉군,116
2022,06,경상북도,울진군,1521
2022,06,경상북도,의성군,525
2022,06,경상북도,청도군,918
2022,06,경상북도,청송군,188
2022,06,경상북도,칠곡군,3779
2022,06,경상북도,포항시 남구,3282
2022,06,경상북도,포항시 북구,2648
2022,06,광주광역시,광산구,11799
2022,06,광주광역시,남구,1432
2022,06,광주광역시,동구,1571
2022,06,광주광역시,북구,4549
2022,06,광주광역시,서구,1682
2022,06,대구광역시,남구,1932
2022,06,대구광역시,달서구,9784
2022,06,대구광역시,달성군,5044
2022,06,대구광역시,동구,1717
2022,06,대구광역시,북구,4872
2022,06,대구광역시,서구,2017
2022,06,대구광역시,수성구,1664
2022,06,대구광역시,중구,757
2022,06,대전광역시,대덕구,2156
2022,06,대전광역시,동구,4545
2022,06,대전광역시,서구,3933
2022,06,대전광역시,유성구,6748
2022,06,대전광역시,중구,1376
2022,06,부산광역시,강서구,4143
2022,06,부산광역시,금정구,3795
2022,06,부산광역시,기장군,1818
2022,06,부산광역시,남구,5039
2022,06,부산광역시,동구,1616
2022,06,부산광역시,동래구,896
2022,06,부산광역시,부산진구,2251
2022,06,부산광역시,북구,1806
2022,06,부산광역시,사상구,4120
2022,06,부산광역시,사하구,3519
2022,06,부산광역시,서구,1829
2022,06,부산광역시,수영구,1330
2022,06,부산광역시,연제구,694
2022,06,부산광역시,영도구,1654
2022,06,부산광역시,중구,1989
2022,06,부산광역시,해운대구,3611
2022,06,서울특별시,강남구,4933
2022,06,서울특별시,강동구,3866
2022,06,서울특별시,강북구,3593
2022,06,서울특별시,강서구,5420
2022,06,서울특별시,관악구,13895
2022,06,서울특별시,광진구,12903
2022,06,서울특별시,구로구,23859
2022,06,서울특별시,금천구,13666
2022,06,서울특별시,노원구,4096
2022,06,서울특별시,도봉구,2125
2022,06,서울특별시,동대문구,15413
2022,06,서울특별시,동작구,9132
2022,06,서울특별시,마포구,10706
2022,06,서울특별시,서대문구,11892
2022,06,서울특별시,서초구,3843
2022,06,서울특별시,성동구,6843
2022,06,서울특별시,성북구,10264
2022,06,서울특별시,송파구,5677
2022,06,서울특별시,양천구,3190
2022,06,서울특별시,영등포구,23285
2022,06,서울특별시,용산구,14369
2022,06,서울특별시,은평구,3786
2022,06,서울특별시,종로구,9631
2022,06,서울특별시,중구,9585
2022,06,서울특별시,중랑구,4638
2022,06,세종특별자치시,세종특별자치시,4932
2022,06,울산광역시,남구,4072
2022,06,울산광역시,동구,3443
2022,06,울산광역시,북구,2169
2022,06,울산광역시,울주군,5788
2022,06,울산광역시,중구,1632
2022,06,인천광역시,강화군,789
2022,06,인천광역시,계양구,3191
2022,06,인천광역시,남동구,10891
2022,06,인천광역시,동구,854
2022,06,인천광역시,미추홀구,9456
2022,06,인천광역시,부평구,14121
2022,06,인천광역시,서구,11441
2022,06,인천광역시,연수구,12757
2022,06,인천광역시,옹진군,215
2022,06,인천광역시,중구,3949
2022,06,전라남도,강진군,423
2022,06,전라남도,고흥군,986
2022,06,전라남도,곡성군,420
2022,06,전라남도,광양시,1562
2022,06,전라남도,구례군,188
2022,06,전라남도,나주시,2722
2022,06,전라남도,담양군,896
2022,06,전라남도,목포시,3099
2022,06,전라남도,무안군,1694
2022,06,전라남도,보성군,414
2022,06,전라남도,순천시,2284
2022,06,전라남도,신안군,765
2022,06,전라남도,여수시,5030
2022,06,전라남도,영광군,895
2022,06,전라남도,영암군,4287
2022,06,전라남도,완도군,2187
2022,06,전라남도,장성군,924
2022,06,전라남도,장흥군,487
2022,06,전라남도,진도군,1333
2022,06,전라남도,함평군,630
2022,06,전라남도,해남군,1311
2022,06,전라남도,화순군,807
2022,06,전라북도,고창군,927
2022,06,전라북도,군산시,6112
2022,06,전라북도,김제시,1795
2022,06,전라북도,남원시,910
2022,06,전라북도,무주군,200
2022,06,전라북도,부안군,804
2022,06,전라북도,순창군,318
2022,06,전라북도,완주군,3141
2022,06,전라북도,익산시,4454
2022,06,전라북도,임실군,306
2022,06,전라북도,장수군,319
2022,06,전라북도,전주시 덕진구,4758
2022,06,전라북도,전주시 완산구,4435
2022,06,전라북도,정읍시,2450
2022,06,전라북도,진안군,421
2022,06,제주특별자치도,서귀포시,6955
2022,06,제주특별자치도,제주시,13731
2022,06,충청남도,계룡시,185
2022,06,충청남도,공주시,1916
2022,06,충청남도,금산군,1944
2022,06,충청남도,논산시,3829
2022,06,충청남도,당진시,5150
2022,06,충청남도,보령시,2832
2022,06,충청남도,부여군,1293
2022,06,충청남도,서산시,3949
2022,06,충청남도,서천군,1257
2022,06,충청남도,아산시,16341
2022,06,충청남도,예산군,1976
2022,06,충청남도,천안시 동남구,7880
2022,06,충청남도,천안시 서북구,10479
2022,06,충청남도,청양군,642
2022,06,충청남도,태안군,1424
2022,06,충청남도,홍성군,2411
2022,06,충청북도,괴산군,842
2022,06,충청북도,단양군,232
2022,06,충청북도,보은군,488
2022,06,충청북도,영동군,902
2022,06,충청북도,옥천군,719
2022,06,충청북도,음성군,8521
2022,06,충청북도,제천시,1457
2022,06,충청북도,증평군,878
2022,06,충청북도,진천군,5571
2022,06,충청북도,청주시 상당구,1089
2022,06,충청북도,청주시 서원구,2597
2022,06,충청북도,청주시 청원구,3790
2022,06,충청북도,청주시 흥덕구,4998
2022,06,충청북도,충주시,4606
