title,도서관,장소,신청/정원,교육기간,접수기간,수강료,대상
(제주여성가족연구원 협력)'사람과 사람책' 참여자 모집..,한라,온라인 줌(ZOOM)을 통한 실시간 강연,38/50 ,2021-12-28 ~ 2021-12-28,2021-12-10 ~ 2021-12-27,무료,성인(도민)
12월 고전 <역사란 무엇인가> 강연 신청,탐라,온라인(ZOOM) 비대면,62/50  (대기 : 20) ,2021-12-18 ~ 2021-12-18,2021-12-07 ~ 2021-12-16,없음,도민
탐라도서관 김홍모 작가의 '심마' 북토크 신청,탐라,온라인(ZOOM),28/50 ,2021-12-12 ~ 2021-12-12,2021-12-04 ~ 2021-12-11,없음,도민
조천읍도서관 송년 특별공연 테이블 인형극 '파란 여우'..,조천,온라인(비대면),20/20 ,2021-12-18 ~ 2021-12-18,2021-12-02 ~ 2021-12-09,무료,초등학생
서양 철학사 <니체: 신의 죽음과 새로운 우상>,탐라,온라인(ZOOM) 비대면,60/50  (대기 : 10) ,2021-12-15 ~ 2021-12-15,2021-12-01 ~ 2021-12-13,없음,도민
(온라인)파란여우 인형극 공연_참여자 모집_어린이 50명..,제주시기적,온라인 줌(ZOOM),50/50 ,2021-12-04 ~ 2021-12-04,2021-11-30 ~ 2021-12-03,없음,초등학생
"12.5.(일)15시,초등4~6학년 ""흙으로 공감해요""",서귀포기적,서귀포기적의도서관 시청각실,13/10  (대기 : 5) ,2021-12-05 ~ 2021-12-05,2021-11-26 ~ 2021-12-01,"재료비5,000원",초등학생
"12.5.(일)13시,초등1~3학년 ""흙으로 공감해요""",서귀포기적,서귀포기적의도서관,13/10  (대기 : 5) ,2021-12-05 ~ 2021-12-05,2021-11-26 ~ 2021-12-01,"재료비5,000원",초등학생
인권영화상영 : 변호인,삼매봉,삼매봉도서관 교육실,1/10  (대기 : 5) ,2021-12-11 ~ 2021-12-11,2021-11-25 ~ 2021-12-11,무료,기타
소중한 인권을 부탁해,삼매봉,온라인 비대면(zoom),12/12  (대기 : 5) ,2021-12-05 ~ 2021-12-26,2021-11-25 ~ 2021-12-05,무료,초등학생
서양 철학사 <들뢰즈: 기관 없는 신체와 자아 정체성>,탐라,온라인(ZOOM) 비대면,54/50  (대기 : 10) ,2021-12-08 ~ 2021-12-08,2021-11-24 ~ 2021-12-06,없음,도민
12월 7일 1:1 개별 유학상담 (오후 3시30분~4시) 2팀(2가족)..,한라,한라도서관 1층 제주아메리칸 코너 ,1/2  (대기 : 1) ,2021-12-07 ~ 2021-12-07,2021-11-23 ~ 2021-12-07,0,성인(도민)
12월 7일 1:1 개별 유학상담 (오후 3시~3시30분) 2팀(2가족)..,한라,한라도서관 1층 제주아메리칸 코너 ,3/2  (대기 : 1) ,2021-12-07 ~ 2021-12-07,2021-11-23 ~ 2021-12-07,0,성인(도민)
12월 7일 오후 2-3시 미국대학 진학 설명회  (15명),한라,한라도서관 1층 제주아메리칸 코너 ,7/15  (대기 : 10) ,2021-12-07 ~ 2021-12-07,2021-11-23 ~ 2021-12-06,0,성인(도민)
<탐라 낭독 클럽> '매우 초록' 신청,탐라,,4/4 ,2021-11-21 ~ 2021-12-19,2021-11-17 ~ 2021-11-20,,도민
<탐라 낭독 클럽> '지성이 금지된 곳에서 깨어날 때' 신청..,탐라,온라인(ZOOM),3/3 ,2021-11-21 ~ 2021-12-19,2021-11-17 ~ 2021-11-18,,도민
서양 철학사 <마르크스: 무엇이 역사를 움직이는가?>,탐라,온라인(ZOOM) 비대면,54/50  (대기 : 10) ,2021-12-01 ~ 2021-12-01,2021-11-17 ~ 2021-11-29,없음,도민
"애월도서관 <내 마음속, 힐링정원 만들기 - 자연닮은화분>..",애월,온라인 비대면 수업(ZOOM),19/10  (대기 : 10) ,2021-12-14 ~ 2021-12-14,2021-11-15 ~ 2021-11-22,없음,기타
"애월도서관 <내 마음속, 힐링정원 만들기 - 크리스마스 트리 만들기>..",애월,온라인 비대면 수업(ZOOM),19/10  (대기 : 10) ,2021-12-07 ~ 2021-12-07,2021-11-15 ~ 2021-11-22,없음,기타
"애월도서관 <내 마음속, 힐링정원 만들기 - 코케다마>",애월,온라인 비대면 수업(ZOOM),17/10  (대기 : 10) ,2021-11-30 ~ 2021-11-30,2021-11-15 ~ 2021-11-22,없음,기타
"애월도서관 <내 마음속, 힐링정원 만들기 - 반수경식물 기르기>..",애월,온라인 비대면 수업(ZOOM) ,20/10  (대기 : 10) ,2021-11-23 ~ 2021-11-23,2021-11-15 ~ 2021-11-22,없음,기타
11월 고전 <젊은 베르테르의 슬픔> 강연 신청,탐라,온라인(ZOOM),58/50  (대기 : 5) ,2021-11-27 ~ 2021-11-27,2021-11-14 ~ 2021-11-24,없음,도민
서부도서관 '나는 빵점!' 그림책 작가 강연,서부,비대면(ZOOM),24/20  (대기 : 5) ,2021-12-11 ~ 2021-12-11,2021-11-13 ~ 2021-11-30,0,유아
"서부도서관 '퇴근 후, 그림책 한 권' 그림책 작가 강연..",서부,비대면(ZOOM),40/40 ,2021-11-26 ~ 2021-11-26,2021-11-13 ~ 2021-11-25,0,성인(도민)
<고르고르 인생관> 슬로보트X김성라 작가 북토크 신청..,탐라,온라인(ZOOM),37/50 ,2021-11-28 ~ 2021-11-28,2021-11-10 ~ 2021-11-24,없음,도민
서양 철학사 <칸트: 진선미를 둘러싼 인간학적 물음>,탐라,온라인(ZOOM) 비대면,47/50  (대기 : 5) ,2021-11-24 ~ 2021-11-24,2021-11-10 ~ 2021-11-22,없음,도민
(11.21.일) 도서관과 함께하는 북(BOOK) 나들이 사업 참가자 모집..,서귀포기적,,2/3  (대기 : 2) ,2021-11-21 ~ 2021-12-02,2021-11-10 ~ 2021-11-17,무료,도민
(11.20.토) 도서관과 함께하는 북(BOOK) 나들이 사업 참가자 모집..,서귀포기적,,0/3  (대기 : 2) ,2021-11-20 ~ 2021-12-01,2021-11-10 ~ 2021-11-18,무료,도민
"<공공도서관 문화가 있는 날> 장구와 노는 마임 ""발림""..",조천,온라인(비대면),17/100 ,2021-11-21 ~ 2021-11-21,2021-11-09 ~ 2021-11-16,무료,도민
서부도서관 비대면'가요(안치환)/클래식(김이곤)'공연..,서부,비대면(유튜브),21/100 ,2021-11-27 ~ 2021-11-27,2021-11-09 ~ 2021-11-26,0,성인(도민)
서부도서관 비대면 '마임(조성진)'공연,서부,비대면(유튜브),17/100 ,2021-11-20 ~ 2021-11-20,2021-11-09 ~ 2021-11-19,0,성인(도민)
"소상공인을 위한 엑셀꿀팁: 고객관리, 매출자료 등 데이터 정리하기..",동부,비대면 온라인교육(Zoom 사용),12/12  (대기 : 10) ,2021-11-18 ~ 2021-11-26,2021-11-07 ~ 2021-11-15,무료,성인(도민)
청소년 미디어교육 <미디어 창으로 세상을 이야기해요> 참가자 모집 안내 ..,중앙,시청각실,5/8  (대기 : 3) ,2021-11-14 ~ 2021-12-19,2021-11-05 ~ 2021-11-13,무료,초등학생
<글쓰기 첫걸음> 전현구 영화감독의 '시나리오 쓰기',탐라,온라인(ZOOM) 비대면,18/15  (대기 : 3) ,2021-11-14 ~ 2021-12-05,2021-11-04 ~ 2021-11-10,없음,도민
<글쓰기 첫걸음> 한정현 소설가의 '나의 짧은 소설 완성기'..,탐라,온라인(ZOOM) 비대면,18/15  (대기 : 3) ,2021-11-16 ~ 2021-12-07,2021-11-04 ~ 2021-11-10,없음,도민
<글쓰기 첫걸음> 김현 시인의 '받아쓰기 하는 기분',탐라,온라인(ZOOM) 비대면,18/15  (대기 : 3) ,2021-11-13 ~ 2021-12-04,2021-11-04 ~ 2021-11-10,없음,도민
서양 철학사 <스피노자: 자유와 욕망의 윤리학>,탐라,온라인(ZOOM) 비대면,46/50 ,2021-11-17 ~ 2021-11-17,2021-11-03 ~ 2021-11-15,없음,도민
(온라인)스피노자 정서론_참가자 모집_일반시민,제주시기적,온라인 줌(ZOOM)을 통한 실시간 강연,30/30 ,2021-11-11 ~ 2021-11-25,2021-11-02 ~ 2021-11-09,없음,성인(도민)
정성현 작가와 함께하는 초등 인문학 그리스 로마 신화(3학년~6학년)..,동부,온라인 비대면 수업(ZOOM),49/50 ,2021-11-27 ~ 2021-11-27,2021-11-02 ~ 2021-11-17,무료,초등학생
그리스 로마 신화로 시작하는 자녀 독서지도(성인),동부,온라인 비대면 수업(ZOOM),50/50 ,2021-11-20 ~ 2021-11-20,2021-11-02 ~ 2021-11-17,무료,성인(도민)
똑똑해지는 어린이 경제 교실,안덕산방,비대면 운영(ZOOM),36/30  (대기 : 10) ,2021-11-14 ~ 2021-11-21,2021-11-01 ~ 2021-11-11,무료,초등학생
 (정지선 작가) 나를 표현하는 글쓰기,안덕산방,비대면 운영(ZOOM),40/30  (대기 : 10) ,2021-11-17 ~ 2021-12-08,2021-11-01 ~ 2021-11-16,무료,도민
(6차-북살롱 이마고) 우리 동네 책방 기행 프로그램 ,중앙,비대면 운영(ZOOM),26/30  (대기 : 5) ,2021-11-06 ~ 2021-11-06,2021-10-28 ~ 2021-11-05,무료,성인(도민)
(온라인)그림책 속 보물찾기_참여자 모집_초등1~2학년,제주시기적,온라인 줌(ZOOM)을 통한 실시간 강연,17/17 ,2021-11-07 ~ 2021-11-28,2021-10-28 ~ 2021-11-03,없음,초등학생
서양 철학사 <플라톤: 그림자는 진짜 있는가?>,탐라,온라인(ZOOM) 비대면,55/50  (대기 : 10) ,2021-11-10 ~ 2021-11-10,2021-10-27 ~ 2021-11-08,없음,도민
(11.7.일) 도서관과 함께하는 북(BOOK) 나들이 사업 참가자 모집..,서귀포기적,,1/3  (대기 : 2) ,2021-11-07 ~ 2021-11-18,2021-10-27 ~ 2021-11-03,,도민
(11.6.토) 도서관과 함께하는 북(BOOK) 나들이 사업 참가자 모집..,서귀포기적,,0/3  (대기 : 2) ,2021-11-06 ~ 2021-11-17,2021-10-27 ~ 2021-11-03,무료,도민
어린이 경제프로그램 <머니가 뭐니?> (초등 3~6학년) ,한경,한경도서관 1층 다목적실,12/10  (대기 : 5) ,2021-11-01 ~ 2021-11-22,2021-10-25 ~ 2021-10-28,,초등학생
(5차-인터뷰) 우리 동네 책방 기행 프로그램 ,중앙,비대면(ZOOM),12/30  (대기 : 5) ,2021-11-01 ~ 2021-11-01,2021-10-20 ~ 2021-10-31,무료,성인(도민)
(과학자들의 재능기부) 10월의 하늘(October Sky),한경,온라인(ZOOM 프로그램) 비대면,48/50 ,2021-10-30 ~ 2021-10-30,2021-10-18 ~ 2021-10-21,,도민
(4차-북타임) 우리 동네 책방 기행 프로그램 참여자 모집 ..,중앙,비대면(ZOOM),14/30  (대기 : 5) ,2021-10-19 ~ 2021-10-19,2021-10-10 ~ 2021-10-18,무료,성인(도민)
하반기생활과학교실-재미있는 과학실험(초등4~6학년),서귀포기적,각 가정(zoom활용),13/12  (대기 : 5) ,2021-10-17 ~ 2021-12-19,2021-10-08 ~ 2021-10-15,무료,초등학생
탐독 '독서를 탐하다' 독서회 신규 회원 모집,탐라,,7/7 ,2021-10-14 ~ 2021-12-30,2021-10-07 ~ 2021-10-31,,성인(도민)
<노르망디의 연> 김탁환 작가와 함께 읽는 고전 강연 신청..,탐라,,32/50 ,2021-10-30 ~ 2021-10-30,2021-10-06 ~ 2021-10-28,,도민
<완벽한 생애> 조해진 작가 북토크 신청,탐라,,36/50  (대기 : 5) ,2021-10-24 ~ 2021-10-24,2021-10-06 ~ 2021-10-23,,도민
(3차-책방공존&북다마스) 우리 동네 책방 기행 프로그램 참여자 모집 ..,중앙,비대면(ZOOM),16/30  (대기 : 5) ,2021-10-12 ~ 2021-10-12,2021-10-04 ~ 2021-10-11,무료,성인(도민)
<탐라 낭독 클럽> '좋아하는 걸 좋아하는 게 취미' 신청..,탐라,온라인(ZOOM),13/10  (대기 : 3) ,2021-10-17 ~ 2021-11-14,2021-10-04 ~ 2021-10-10,없음,도민
<탐라 낭독 클럽> '먼길로 돌아갈까?' 신청,탐라,온라인(ZOOM),13/10  (대기 : 3) ,2021-10-17 ~ 2021-11-14,2021-10-04 ~ 2021-10-10,없음,도민
(온라인)슬기로운 집콕 생활 세계 문화 여행 참여자 모집_초등3~6학년..,제주시기적,온라인 줌(ZOOM)을 통한 실시간 강연,20/20 ,2021-10-10 ~ 2021-10-31,2021-10-01 ~ 2021-10-01,무료,초등학생
"「제주 눈(目)으로 걷지마라,안이비설신의로 걸으라」 안덕산방도서관 독서..",안덕산방,비대면 운영(ZOOM),10/30  (대기 : 10) ,2021-10-19 ~ 2021-11-02,2021-09-30 ~ 2021-10-18,무료,도민
(2차-주제넘은서점) 우리 동네 책방 기행 프로그램 참여자 모집 ..,중앙,비대면(ZOOM 활용),27/30  (대기 : 5) ,2021-10-09 ~ 2021-10-09,2021-09-29 ~ 2021-10-07,무료,성인(도민)
책과 함께 떠나는 힐링여행,조천,온라인 비대면 수업,20/20 ,2021-10-27 ~ 2021-12-15,2021-09-29 ~ 2021-10-06,없음,성인(도민)
나도 아티스트!,조천,온라인 비대면 수업,20/20 ,2021-10-17 ~ 2021-12-05,2021-09-29 ~ 2021-10-06,없음,초등학생
포디와 하부르타로 마음의 보석찾기,조천,온라인 비대면 수업,15/15 ,2021-10-16 ~ 2021-12-04,2021-09-29 ~ 2021-10-06,없음,초등학생
"<지구별을 품은 섬, 제주> (초등 3~6학년)",한경,한경도서관 1층 다목적실,12/15  (대기 : 5) ,2021-10-03 ~ 2021-10-24,2021-09-27 ~ 2021-09-30,,초등학생
이쁨을 엮다 <전통매듭 짚풀공예> (40세~70세),한경,한경도서관 1층 다목적실,13/15  (대기 : 5) ,2021-10-05 ~ 2021-10-14,2021-09-27 ~ 2021-09-30,0,실버
(추가 모집)중앙도서관 하반기 생활과학교실 <틴커캐드와 3D 프린터로 즐기..,중앙,중앙도서관 시청각실,1/4  (대기 : 2) ,2021-09-26 ~ 2021-12-05,2021-09-26 ~ 2021-10-23,무료,초등학생
「우리는 여행을 잊지 못하고」 안덕산방도서관 여행작가 김민철 작가와의 ..,안덕산방,비대면 운영(ZOOM),25/40  (대기 : 10) ,2021-10-12 ~ 2021-10-12,2021-09-23 ~ 2021-10-07,무료,도민
(1차) 우리동네 책방 기행「 작은책방은 힘이 세다」 강연..,중앙,비대면 운영(ZOOM),25/30  (대기 : 5) ,2021-10-02 ~ 2021-10-02,2021-09-23 ~ 2021-09-30,무료,성인(도민)
서부도서관 언택트 책처방 '나를 위한 북(BOOK)타민' 참여자 모집..,서부,,3/30 ,2021-09-17 ~ 2021-11-14,2021-09-17 ~ 2021-11-14,,도민
"함께 만드는 즐거운 코딩놀이(5, 6학년)",동부,비대면 온라인 교육(Zoom),6/11  (대기 : 5) ,2021-10-02 ~ 2021-10-30,2021-09-17 ~ 2021-09-30,무료,초등학생
"함께 만드는 즐거운 코딩놀이(3, 4학년)",동부,비대면 온라인 교육(Zoom),14/11  (대기 : 5) ,2021-11-03 ~ 2021-11-27,2021-09-17 ~ 2021-09-30,무료,초등학생
실무에 바로 쓰는 엑셀,동부,비대면 온라인 교육(Zoom),15/10  (대기 : 5) ,2021-10-05 ~ 2021-10-15,2021-09-17 ~ 2021-09-30,무료,성인(도민)
<디카시 쓰기> 프로그램 수강생 모집,중앙,온라인 비대면 수업(ZOOM 활용),23/20  (대기 : 5) ,2021-10-06 ~ 2021-11-10,2021-09-15 ~ 2021-09-30,무료,성인(도민)
북큐레이션의 이해와 적용(온라인),삼매봉,온라인 비대면(ZOOM),46/50  (대기 : 10) ,2021-09-27 ~ 2021-10-04,2021-09-09 ~ 2021-09-26,무료,성인(도민)
유병록 작가 북토크 <소에 대한 그리움을 담다>,삼매봉,온라인 비대면(ZOOM),8/10  (대기 : 5) ,2021-09-11 ~ 2021-09-11,2021-09-09 ~ 2021-09-11,무료,성인(도민)
(온라인)독서의 달 행사 '코로나19 시대 자녀와의 의사 소통' 참여자 모집..,제주시기적,온라인 줌(ZOOM)을 통한 실시간 강연,18/30 ,2021-09-18 ~ 2021-09-18,2021-09-09 ~ 2021-09-16,무료,성인(도민)
생활과학교실 틴커캐드와 3D 프린터로 즐기는 메이커스 활동..,중앙,중앙도서관 시청각실,9/10  (대기 : 3) ,2021-09-26 ~ 2021-12-05,2021-09-08 ~ 2021-09-25,무료,초등학생
<별것 아닌 선의> 이소영 작가 북토크 참여 신청,탐라,온라인(ZOOM),44/50 ,2021-09-26 ~ 2021-09-26,2021-09-06 ~ 2021-09-22,없음,도민
"<한때 유로파에서, 존 버거> 김탁환 작가와 함께 읽는 고전 9월..",탐라,온라인(ZOOM),32/50 ,2021-09-25 ~ 2021-09-25,2021-09-06 ~ 2021-09-22,없음,도민
"(온라인)독서의 달 행사 '집독(Read), 집해(Play)' 참여자 모집..",제주시기적,온라인 영상,60/60 ,2021-09-10 ~ 2021-09-12,2021-09-02 ~ 2021-09-08,무료,성인(도민)
(온라인)독서의 달 행사 '영화와 읽다' 참여자 모집_초등5~6학년..,제주시기적,온라인 줌(ZOOM)을 통한 실시간 강연,19/30 ,2021-09-11 ~ 2021-09-11,2021-09-02 ~ 2021-09-10,무료,초등학생
(온라인)슬기로운 집콕 보드게임 생활 참여자 모집_초등3~4학년..,제주시기적,온라인 줌(ZOOM)을 통한 실시간 강연,16/16 ,2021-09-12 ~ 2021-10-03,2021-09-02 ~ 2021-09-08,무료,초등학생
서부도서관 김동식 작가 강연,서부,비대면(ZOOM),20/50  (대기 : 10) ,2021-09-18 ~ 2021-09-18,2021-09-02 ~ 2021-09-17,0,도민
「스마트폰 사진의 기술」 안덕산방도서관 하반기 프로그램 참가자 모집..,안덕산방,온라인(ZOOM),26/20  (대기 : 5) ,2021-09-18 ~ 2021-09-25,2021-09-01 ~ 2021-09-15,무료,도민
<용기내! 환경 챌린지> 배민 말고 용기 내민,탐라,온라인(ZOOM),15/15 ,2021-09-16 ~ 2021-09-30,2021-08-30 ~ 2021-09-09,없음,도민
<용기내! 환경 챌린지> 플라스틱 없는 주방과 욕실 만들기..,탐라,온라인(ZOOM),15/15 ,2021-09-15 ~ 2021-10-06,2021-08-30 ~ 2021-09-09,없음,도민
"<용기내! 환경 챌린지> 지구를 살리는 한끼, 비건 참가 신청..",탐라,온라인(ZOOM),15/15 ,2021-09-13 ~ 2021-10-04,2021-08-30 ~ 2021-09-09,없음,도민
(9.12.일.15시)책읽는 공원-독서캠핑,서귀포기적,도서관 실내정원,3/1  (대기 : 3) ,2021-09-12 ~ 2021-09-12,2021-08-27 ~ 2021-09-08,무료,기타
(9.12.일.14시)책읽는 공원-독서캠핑,서귀포기적,도서관 실내정원,3/1  (대기 : 3) ,2021-09-12 ~ 2021-09-12,2021-08-27 ~ 2021-09-08,무료,기타
(9.12.일.13시)책읽는 공원-독서캠핑,서귀포기적,도서관 실내정원,1/1  (대기 : 3) ,2021-09-12 ~ 2021-09-12,2021-08-27 ~ 2021-09-08,무료,기타
(9.12.일.11시)책읽는 공원-독서캠핑,서귀포기적,도서관 실내정원,2/1  (대기 : 3) ,2021-09-12 ~ 2021-09-12,2021-08-27 ~ 2021-09-08,무료,기타
(9.12.일.10시)책읽는 공원-독서캠핑,서귀포기적,도서관 실내정원,1/1  (대기 : 3) ,2021-09-12 ~ 2021-09-12,2021-08-27 ~ 2021-09-08,무료,기타
(9.11.토.15시)책읽는 공원-독서캠핑,서귀포기적,도서관 실내정원,3/1  (대기 : 3) ,2021-09-11 ~ 2021-09-11,2021-08-27 ~ 2021-09-08,0,기타
(9.11.토.14시)책읽는 공원-독서캠핑,서귀포기적,도서관 실내정원,4/1  (대기 : 3) ,2021-09-11 ~ 2021-09-11,2021-08-27 ~ 2021-09-08,0,기타
(9.11.토.13시)책읽는 공원-독서캠핑,서귀포기적,도서관실내정원,3/1  (대기 : 3) ,2021-09-11 ~ 2021-09-11,2021-08-27 ~ 2021-09-08,0,기타
(9.11.토.11시)책읽는 공원-독서캠핑,서귀포기적,도서관 실내정원,2/1  (대기 : 3) ,2021-09-11 ~ 2021-09-11,2021-08-27 ~ 2021-09-08,0,기타
(9.11.토.10시)책읽는 공원-독서캠핑,서귀포기적,도서관실내정원,2/1  (대기 : 3) ,2021-09-11 ~ 2021-09-11,2021-08-27 ~ 2021-09-08,0,기타
북스타트 부모 교육- 김지연강사(영유아부모대상),서귀포기적,각 가정(zoom활용),9/30  (대기 : 10) ,2021-09-17 ~ 2021-09-18,2021-08-27 ~ 2021-09-17,0,성인(도민)
북스타트 부모 교육- 백화현강사(초등저학년 학부모대상)..,서귀포기적,각 가정(zoom활용),29/30  (대기 : 10) ,2021-09-15 ~ 2021-09-16,2021-08-27 ~ 2021-09-12,0,성인(도민)
공감성교육 전문가 이석원의 '세상쉬운 우리아이 성교육'..,삼매봉,온라인 비대면(ZOOM),64/50  (대기 : 20) ,2021-09-04 ~ 2021-09-04,2021-08-26 ~ 2021-09-04,무료,성인(도민)
찾아가는 AI.SW 교육 지역교실-알고리즘 프로그램(초등4~6학년)..,서귀포기적,각 가정(zoom활용),16/12  (대기 : 5) ,2021-09-04 ~ 2021-09-25,2021-08-26 ~ 2021-09-02,0,초등학생
식물이 주는 위안,조천,비대면 온라인 수업,30/30 ,2021-09-12 ~ 2021-09-12,2021-08-25 ~ 2021-09-02,없음,성인(도민)
작가의 독서법:작가들은 어떻게 책을 읽을까? 특강,중앙,비대면 운영(ZOOM 활용),20/50  (대기 : 5) ,2021-09-11 ~ 2021-09-12,2021-08-24 ~ 2021-09-08,무료,성인(도민)
지금은 미디어 시대! 애월 유튜버 입문 클래스,애월,온라인 화상채팅(ZOOM) 비대면 운영,13/12  (대기 : 1) ,2021-09-09 ~ 2021-10-21,2021-08-23 ~ 2021-09-08,무료,성인(도민)
내 손으로 피워내는 꽃<페이퍼 플라워 아트>(성인대상)..,한경,한경도서관 1층 다목적실,20/15  (대기 : 5) ,2021-09-05 ~ 2021-09-26,2021-08-23 ~ 2021-08-26,0,성인(도민)
염승환 작가 초청 특강 '코로나 시대의 재테크 독서',삼매봉,온라인 비대면(ZOOM),80/70  (대기 : 10) ,2021-08-28 ~ 2021-08-28,2021-08-19 ~ 2021-08-28,무료,성인(도민)
서부도서관 하반기 생활과학교실 ,서부,서부도서관 문화창작실,11/10  (대기 : 4) ,2021-09-11 ~ 2021-11-27,2021-08-19 ~ 2021-09-08,0,초등학생
독서토론 리더양성 교육,삼매봉,온라인 비대면(ZOOM),14/10  (대기 : 5) ,2021-08-24 ~ 2021-09-14,2021-08-18 ~ 2021-08-22,무료,성인(도민)
2021년 애월도서관 독서아카데미 4부(이라영 작가),애월,온라인 화상채팅(ZOOM) ,35/40  (대기 : 2) ,2021-09-01 ~ 2021-09-15,2021-08-18 ~ 2021-08-31,무료,성인(도민)
<미술로 만나는 제주신화와 생명의 섬> 안덕산방도서관 독서아카데미 3차 ..,안덕산방,"온라인(ZOOM), 안덕산방도서관 문화창작실",14/13  (대기 : 10) ,2021-09-07 ~ 2021-10-05,2021-08-18 ~ 2021-09-02,무료,성인(도민)
<책 속에 숨겨진 나> 안덕산방도서관 독서의 달 프로그램 참가자 모집 (초..,안덕산방,비대면 운영(zoom 활용),13/15  (대기 : 5) ,2021-09-04 ~ 2021-09-25,2021-08-17 ~ 2021-09-01,무료,초등학생
<이금이 작가 강연> 안덕산방도서관 독서의달 프로그램 참가자 모집..,안덕산방,비대면 운영(zoom 활용),37/50  (대기 : 10) ,2021-09-12 ~ 2021-09-12,2021-08-17 ~ 2021-09-10,무료,도민
동부도서관 <나도 웹툰작가! 재밌는 카툰북 만들기> 참여자 모집(3~5학년)..,동부,동부도서관 시청각실,19/15  (대기 : 4) ,2021-09-05 ~ 2021-10-03,2021-08-14 ~ 2021-08-18,무료,초등학생
(8.22.일) 도서관과 함께하는 북(BOOK) 나들이 사업 참가자 모집..,서귀포기적,,6/5  (대기 : 2) ,2021-08-22 ~ 2021-08-22,2021-08-11 ~ 2021-08-18,,도민
(8.21.토) 도서관과 함께하는 북(BOOK)나들이 사업 참가자 모집..,서귀포기적,,3/5  (대기 : 2) ,2021-08-21 ~ 2021-08-21,2021-08-11 ~ 2021-08-18,,도민
김현 시인과 함께 읽는 책 <시스터 아웃사이더> 강연,탐라,온라인(ZOOM),32/50 ,2021-08-28 ~ 2021-08-28,2021-08-10 ~ 2021-08-25,없음,도민
"[중앙] 2021년 독서아카데미 3차 프로그램(""멈춤과 사유의 시간, 인문학을 ..",중앙,서귀포시 중앙도서관 및  각 가정(ZOOM),33/30  (대기 : 10) ,2021-09-25 ~ 2021-10-30,2021-08-09 ~ 2021-09-23,무료,성인(도민)
강원국 작가 글쓰기 특강 '나는 말하듯이 쓴다',삼매봉,온라인 비대면(ZOOM),70/70 ,2021-08-18 ~ 2021-08-18,2021-08-09 ~ 2021-08-18,무료,도민
북튜버 <겨울서점> 김겨울 작가 온라인 북토크,삼매봉,온라인 비대면(ZOOM),59/100 ,2021-08-21 ~ 2021-08-21,2021-08-09 ~ 2021-08-21,무료,도민
<한여름 밤 온라인 취미클래스> 펀치 니들 클래스,탐라,온라인(ZOOM),20/20 ,2021-08-19 ~ 2021-09-16,2021-08-09 ~ 2021-08-13,"70,000원",도민
<한여름 밤 온라인 취미클래스> 여름 코바늘 뜨개 ,탐라,온라인(ZOOM),20/20 ,2021-08-16 ~ 2021-09-13,2021-08-09 ~ 2021-08-13,"40,000원",도민
<있지만 없는 아이들> 은유 작가 신작 북토크,탐라,온라인(ZOOM),51/50  (대기 : 5) ,2021-08-21 ~ 2021-08-21,2021-08-07 ~ 2021-08-18,없음,도민
동부도서관 독서아카데미 3부 참여자 모집,동부,비대면,25/30  (대기 : 5) ,2021-08-21 ~ 2021-09-18,2021-08-03 ~ 2021-08-20,무료,성인(도민)
[중앙] 2021 중앙도서관 신규동아리 회원 추가 모집,중앙,비대면 운영(ZOOM),8/10 ,2021-07-29 ~ 2021-12-19,2021-07-29 ~ 2021-08-31,무료,성인(도민)
(온라인)꿈꾸는 도서관 북아트 참여자 모집_초등3~4학년..,제주시기적,온라인 줌(ZOOM)을 통한 실시간 강연,20/20 ,2021-08-08 ~ 2021-09-05,2021-07-29 ~ 2021-08-04,무료,초등학생
(온라인)조물락 조물락 클레이아트 참여자 모집_초등1~2학년..,제주시기적,온라인 줌(ZOOM)을 통한 실시간 강연,20/20 ,2021-08-07 ~ 2021-09-04,2021-07-29 ~ 2021-08-04,무료,초등학생
(8.8.일) 도서관과 함께하는 북(BOOK) 나들이 사업 참가자 모집..,서귀포기적,,1/5  (대기 : 2) ,2021-08-08 ~ 2021-08-08,2021-07-28 ~ 2021-08-04,,도민
(8.7.토)도서관과 함께하는 북(BOOK) 나들이 사업 참가자 모집..,서귀포기적,,1/5  (대기 : 2) ,2021-08-07 ~ 2021-08-07,2021-07-28 ~ 2021-08-04,0,도민
마음에 꽃을 피우다 <긍정·원예 심리>(초등 3~5학년),한경,한경도서관 1층 다목적실,12/15  (대기 : 5) ,2021-08-05 ~ 2021-08-26,2021-07-27 ~ 2021-07-30,0,초등학생
"(초등3~5학년) 스토리가 있는 팝업북!-방학프로그램(재료비5,000)..",서귀포기적,"비대면(zoom활용,각 가정)",10/10  (대기 : 5) ,2021-08-05 ~ 2021-08-13,2021-07-22 ~ 2021-08-02,재료비5000,초등학생
(초등1~2학년) 그림책과 창의아트-방학프로그램,서귀포기적,"비대면(zoom활용,각 가정)",13/10  (대기 : 4) ,2021-08-01 ~ 2021-08-22,2021-07-22 ~ 2021-07-29,0,초등학생
"서부도서관 '노래,영어,그리고 그림책' 여름방학 프로그램 ..",서부,서부도서관 문화창작실,14/10  (대기 : 4) ,2021-08-13 ~ 2021-08-21,2021-07-21 ~ 2021-08-07,0,초등학생
서부도서관 '다독다톡(多讀多TALK)' 여름방학 프로그램 ..,서부,서부도서관 문화창작실,10/10  (대기 : 4) ,2021-07-30 ~ 2021-08-20,2021-07-21 ~ 2021-07-28,0,초등학생
동부도서관 여름 독서교실 참여자 모집(4~6학년),동부,동부도서관 시청각실,12/13  (대기 : 5) ,2021-08-03 ~ 2021-08-06,2021-07-20 ~ 2021-07-28,,초등학생
제103회 여름독서교실 참가자모집(초등3-5학년),서귀포기적,각 가정(zoom활용),10/12  (대기 : 5) ,2021-08-10 ~ 2021-08-13,2021-07-20 ~ 2021-08-05,0,초등학생
한경도서관 여름방학 특강 『아름다운 화산섬 제주: 곶자왈』 (초등 3~6학..,한경,비대면 실시간 온라인(리모트미팅 프로그램),9/10 ,2021-08-01 ~ 2021-08-29,2021-07-19 ~ 2021-07-23,무료,초등학생
중앙도서관 제103회 여름 독서교실 참가자 모집,중앙,비대면 운영,15/12  (대기 : 5) ,2021-08-02 ~ 2021-08-05,2021-07-19 ~ 2021-07-30,,초등학생
<어린이 여름독서교실> 초등 5학년 '어린이 그림책 시사 파일'..,탐라,온라인(ZOOM),12/20 ,2021-07-26 ~ 2021-08-18,2021-07-19 ~ 2021-07-23,없음,초등학생
<어린이 여름독서교실> 초등 4학년 '마음 놀이터에 어서 오세요'..,탐라,온라인(ZOOM),20/20 ,2021-07-28 ~ 2021-08-19,2021-07-19 ~ 2021-07-21,없음,초등학생
안덕산방도서관 제103회 여름 독서교실<생꼬꼬무 책수다> 참가자 모집 ..,안덕산방,비대면 운영(zoom 활용),13/12  (대기 : 5) ,2021-08-02 ~ 2021-08-05,2021-07-19 ~ 2021-07-31,무료,초등학생
2021년 조천읍도서관 여름독서교실,조천,온라인 ZOOM 수업,9/9 ,2021-07-28 ~ 2021-08-18,2021-07-15 ~ 2021-07-26,없음,초등학생
(7.25.일) 도서관과 함께하는 북(BOOK) 나들이 사업 참가자 모집..,서귀포기적,,2/5  (대기 : 2) ,2021-07-25 ~ 2021-07-25,2021-07-14 ~ 2021-07-21,0,도민
(7.24.토)도서관과 함께하는 북(BOOK)나들이 사업 참가자 모집..,서귀포기적,,2/5  (대기 : 2) ,2021-07-24 ~ 2021-07-24,2021-07-14 ~ 2021-07-21,0,도민
안덕산방도서관 2021 독서아카데미 2차(문학평론가 김동현의 이야기로 읽는..,안덕산방,온라인 화상 플랫폼(ZOOM),26/30  (대기 : 10) ,2021-07-29 ~ 2021-08-19,2021-07-14 ~ 2021-08-01,무료,성인(도민)
2021년 애월도서관 여름독서교실(초3~4학년),애월,온라인(ZOOM) 비대면 운영,16/14  (대기 : 2) ,2021-07-26 ~ 2021-07-29,2021-07-13 ~ 2021-07-25,무료,초등학생
서부도서관 여름독서교실,서부,서부도서관 문화창작실,15/10  (대기 : 5) ,2021-07-27 ~ 2021-07-30,2021-07-13 ~ 2021-07-25,0,초등학생
「페인트」 이희영 작가 온라인 북토크 참가자 모집,삼매봉,온라인 비대면(ZOOM),55/100 ,2021-07-30 ~ 2021-07-30,2021-07-12 ~ 2021-07-30,무료,도민
<서양 고전문학에서 배우는 지혜> 도서관 지혜학교 참여자 모집..,탐라,온라인(ZOOM),25/20  (대기 : 5) ,2021-07-29 ~ 2021-10-14,2021-07-12 ~ 2021-07-22,없음,성인(도민)
<실패를 사랑하는 직업> 요조 작가 북토크,탐라,온라인(ZOOM),31/30 ,2021-07-24 ~ 2021-07-24,2021-07-12 ~ 2021-07-20,없음,도민
"<바다, 우리가 사는 곳> 핫핑크돌핀스 북토크 안내",탐라,,22/50 ,2021-07-24 ~ 2021-07-24,2021-07-12 ~ 2021-07-22,,도민
김현 시인과 함께 읽는 책 <짐을 끄는 짐승들> 강연 ,탐라,온라인(ZOOM),44/50 ,2021-07-31 ~ 2021-07-31,2021-07-10 ~ 2021-07-25,없음,도민
동부도서관 2021년 독서아카데미 2부 참여자 모집,서부,비대면,25/30  (대기 : 5) ,2021-07-20 ~ 2021-08-17,2021-07-08 ~ 2021-07-31,무료,성인(도민)
나민애 교수와 함께하는 <서평의 시작과 끝>,삼매봉,자택,20/20 ,2021-07-14 ~ 2021-07-21,2021-07-07 ~ 2021-07-13,무료,성인(도민)
2021년 애월도서관 독서아카데미 3부 (안광복 작가),애월,비대면 화상 강연,40/40  (대기 : 5) ,2021-07-21 ~ 2021-08-11,2021-07-07 ~ 2021-07-20,무료,성인(도민)
"[중앙] 2021년 중앙도서관 『멈춤과 사유의 시간, 인문학을 생각하다』 독..",중앙,서귀포시 중앙도서관 시청각실 및 각 가정(ZOOM),33/35  (대기 : 5) ,2021-08-08 ~ 2021-09-11,2021-07-05 ~ 2021-08-07,무료,성인(도민)
<쉽게 이해하는 출판 프로세스: 나에게 맞는 출판방식 찾기과 책 제작의 이..,탐라,온라인(ZOOM),30/30 ,2021-07-11 ~ 2021-07-11,2021-07-01 ~ 2021-07-08,없음,도민
<즐거운 생고생: 회사 다니면서 창작활동 하는 썰> 서귤 작가 북토크..,탐라,온라인(ZOOM),30/30 ,2021-07-07 ~ 2021-07-07,2021-06-30 ~ 2021-07-06,없음,도민
(7.11.일) 도서관과 함께하는 북(BOOK) 나들이 사업 참가자 모집..,서귀포기적,서귀포시 인근,2/5  (대기 : 2) ,2021-07-11 ~ 2021-07-22,2021-06-30 ~ 2021-07-07,무료,초등학생
(7.10.토) 도서관과 함께하는 북(BOOK) 나들이 사업 참가자 모집..,서귀포기적,서귀포시 인근,3/5  (대기 : 2) ,2021-07-10 ~ 2021-07-21,2021-06-30 ~ 2021-07-07,무료,초등학생
서부도서관 동아리 [고냉이 협동조합] 회원 모집,서부,문화창작실 및 실외,1/2 ,2021-06-24 ~ 2021-07-06,2021-06-24 ~ 2021-07-06,,성인(도민)
"(온라인)내 친구, 그림책 참여자 모집_초등1~2학년",제주시기적,온라인 줌(ZOOM)을 통한 실시간 강연,19/17  (대기 : 2) ,2021-07-04 ~ 2021-07-25,2021-06-24 ~ 2021-06-30,무료,초등학생
<브레인 독서법으로 인문학과 친해지기>,삼매봉,온라인 비대면(ZOOM),29/20  (대기 : 10) ,2021-07-08 ~ 2021-07-08,2021-06-21 ~ 2021-07-07,무료,성인(도민)
(6.27.일) 도서관과 함께하는 북(BOOK) 나들이 사업 참가자 모집..,서귀포기적,서귀포시 인근,3/5  (대기 : 2) ,2021-06-27 ~ 2021-07-08,2021-06-16 ~ 2021-06-23,무료,초등학생
(6.26.토) 도서관과 함께하는 북(BOOK) 나들이 사업 참가자 모집..,서귀포기적,서귀포시 인근,5/5  (대기 : 2) ,2021-06-26 ~ 2021-07-07,2021-06-16 ~ 2021-06-23,무료,초등학생
<조금 괴로운 당신에게 식물을 추천합니다> 임이랑 작가 북토크..,탐라,온라인(ZOOM),60/60 ,2021-06-27 ~ 2021-06-27,2021-06-14 ~ 2021-06-23,없음,도민
서부도서관 독서동아리 [봄날독서회] 회원 모집,서부,온라인플랫폼/문화창작실,5/9 ,2021-06-13 ~ 2021-08-31,2021-06-13 ~ 2021-08-31,0,성인(도민)
"정여울 작가와 함께 읽는 고전 <빈센트, 나의 빈센트>",탐라,온라인(ZOOM),59/60 ,2021-06-26 ~ 2021-06-26,2021-06-10 ~ 2021-06-20,없음,도민
애월도서관 2021년 독서아카데미 2부 ,애월,비대면 화상 강연,32/40  (대기 : 5) ,2021-06-23 ~ 2021-07-14,2021-06-09 ~ 2021-06-23,무료,성인(도민)
태블릿으로 도전하는 어린이 웹툰 작가(초등 4~6학년),애월,줌을 이용한 비대면 수업,11/10  (대기 : 2) ,2021-06-28 ~ 2021-08-02,2021-06-09 ~ 2021-06-27,무료,초등학생
구조적 사고를 개발하는 프라모델 제작 교실(초2~3학년)..,애월,줌을 이용한 비대면 강연,12/10  (대기 : 2) ,2021-06-19 ~ 2021-07-10,2021-06-09 ~ 2021-06-19,무료,초등학생
"문경수 과학탐험가의 ""탐험가가 발견한 귀한 섬, 제주""..",안덕산방,온라인 화상 플랫폼 (ZOOM),37/30  (대기 : 10) ,2021-06-17 ~ 2021-07-08,2021-06-05 ~ 2021-06-12,무료,성인(도민)
동부도서관 독서아카데미 1부,동부,비대면,11/30  (대기 : 10) ,2021-06-15 ~ 2021-07-13,2021-06-02 ~ 2021-06-30,0,성인(도민)
(6.13.일) 도서관과 함께하는 북(BOOK) 나들이 사업 참가자 모집..,서귀포기적,서귀포시 인근,4/5  (대기 : 2) ,2021-06-13 ~ 2021-06-24,2021-06-02 ~ 2021-06-09,무료,초등학생
(6.12.토) 도서관과 함께하는 북(BOOK) 나들이 사업 참가자 모집..,서귀포기적,서귀포시 인근,5/5  (대기 : 2) ,2021-06-12 ~ 2021-06-23,2021-06-02 ~ 2021-06-09,무료,초등학생
서부도서관 언택트 책처방 '나를 위한 북타민' 참여자 모집..,서부,,2/30 ,2021-06-01 ~ 2021-08-10,2021-06-01 ~ 2021-08-10,,성인(도민)
"[중앙] 2021 중앙도서관 ""제주의 문학을 찾아 떠나는 여행"" 프로그램 참가..",중앙,서귀포시 중앙도서관 및 각 가정(ZOOM),21/20  (대기 : 5) ,2021-06-24 ~ 2021-07-15,2021-06-01 ~ 2021-06-23,무료,성인(도민)
"[중앙] 2021 중앙도서관 ""나를 돌아보는 행복한 시 쓰기(브런치 글쓰기)"" ..",중앙,서귀포시 중앙도서관 및 각 가정(ZOOM),25/20  (대기 : 5) ,2021-06-22 ~ 2021-07-13,2021-06-01 ~ 2021-06-21,무료,성인(도민)
한경도서관 '책을 그리는 비주얼 씽킹' 참가자 모집(초등 3~6학년)..,한경,자택(온라인 ZOOM),20/20 ,2021-06-13 ~ 2021-07-04,2021-05-31 ~ 2021-06-07,0,초등학생
(온라인)말랑말랑 그림책 와글와글 독서토론,제주시기적,온라인 줌(ZOOM)을 통한 실시간 강연,22/20  (대기 : 3) ,2021-06-05 ~ 2021-06-26,2021-05-26 ~ 2021-06-01,무료,초등학생
<쉽게 그리는 오일 파스텔화> 저녁 강좌,탐라,온라인(ZOOM),25/20  (대기 : 5) ,2021-06-03 ~ 2021-06-24,2021-05-24 ~ 2021-05-27,"오일파스텔 없는 수강생에 한해 22,000원(오일파스텔 48색)",도민
<아이패드로 그리는 디지털 드로잉> 저녁 강좌,탐라,온라인(ZOOM),25/20  (대기 : 5) ,2021-06-09 ~ 2021-06-30,2021-05-24 ~ 2021-05-27,없음,도민
<스마트폰과 태블릿으로 유튜브 시작하기> 저녁 강좌,탐라,온라인(ZOOM),25/20  (대기 : 5) ,2021-06-08 ~ 2021-06-29,2021-05-24 ~ 2021-05-27,없음,도민
(온라인)김윤화 작가와의 만남_어린이 책 잔치(초등학생 30명) ..,제주시기적,온라인 줌(ZOOM)을 통한 실시간 강연,28/30 ,2021-05-29 ~ 2021-05-29,2021-05-21 ~ 2021-05-25,무료,초등학생
(5.30.일) 도서관과 함께하는 북(BOOK) 나들이 사업 참가자 모집..,서귀포기적,서귀포시 인근,3/5  (대기 : 2) ,2021-05-30 ~ 2021-06-10,2021-05-19 ~ 2021-05-26,무료,초등학생
(5.29.토) 도서관과 함께하는 북(BOOK) 나들이 사업 참가자 모집..,서귀포기적,서귀포시 인근,2/5  (대기 : 2) ,2021-05-29 ~ 2021-06-09,2021-05-19 ~ 2021-05-26,무료,초등학생
"'더쿠의 출판기획, 덕질이 책 한권이 되기까지' 더쿠 북토크..",탐라,온라인(ZOOM),55/50  (대기 : 10) ,2021-05-30 ~ 2021-05-30,2021-05-12 ~ 2021-05-20,없음,도민
"'독립출판물이 뭐예요?' - 하루, 독립출판(스토리지 북앤필름 대표)..",탐라,온라인(ZOOM),54/50  (대기 : 10) ,2021-05-23 ~ 2021-05-23,2021-05-12 ~ 2021-05-20,없음,도민
애월도서관 2021년 독서아카데미 1부 (오찬호 작가),애월,실시간 온라인 화상 강연(ZOOM),43/40  (대기 : 5) ,2021-05-26 ~ 2021-06-16,2021-05-12 ~ 2021-05-26,무료,성인(도민)
(온라인)내가 green 친구_어린이 책 잔치(학부모 30명),제주시기적,온라인 줌(ZOOM) 실시간 강연,30/30 ,2021-05-16 ~ 2021-05-16,2021-05-11 ~ 2021-05-13,무료,성인(도민)
<도서관지혜학교 : 서양문학에서 배우는 삶의 지혜>,삼매봉,삼매봉도서관,5/20  (대기 : 5) ,2021-06-09 ~ 2021-08-25,2021-05-10 ~ 2021-06-08,무료,성인(도민)
"[중앙} 2021년 중앙도서관 『멈춤과 사유의 시간, 인문학을 생각하다』 독..",중앙,서귀포시 중앙도서관 시청각실,22/30  (대기 : 10) ,2021-06-05 ~ 2021-07-03,2021-05-10 ~ 2021-06-03,무료,성인(도민)
중앙도서관 휴먼라이브러리 참가자 모집(6.2.(수)),중앙,,10/15  (대기 : 5) ,2021-06-02 ~ 2021-06-02,2021-05-10 ~ 2021-05-31,무료,성인(도민)
중앙도서관 휴먼라이브러리 참가자 모집(5.30.(일)),중앙,,8/15  (대기 : 5) ,2021-05-30 ~ 2021-05-30,2021-05-10 ~ 2021-05-25,무료,성인(도민)
김동식 저자 강연 ' 글쓰기로 바뀐 내 인생',안덕산방,온라인 화상 플랫폼 (ZOOM),41/40  (대기 : 10) ,2021-05-18 ~ 2021-05-18,2021-05-10 ~ 2021-05-15,무료,성인(도민)
최덕규 작가의 그림책 공연 ' 나를 설레게 하는 것',안덕산방,온라인 화상 플랫폼 (ZOOM),12/15  (대기 : 5) ,2021-05-15 ~ 2021-05-15,2021-05-10 ~ 2021-05-14,무료,초등학생
한경도서관 '창의력 향상 어린이 독서토론' 참가자 모집(초등 4~6학년)..,한경,온라인(ZOOM),20/20 ,2021-05-23 ~ 2021-06-13,2021-05-10 ~ 2021-05-17,0,초등학생
'옛그림으로 본 제주' 최열 미술 사학자 강연,탐라,온라인(ZOOM),49/50 ,2021-05-22 ~ 2021-05-22,2021-05-10 ~ 2021-05-19,없음,도민
정여울 작가와 함께 읽는 고전 '데미안' 강연 ,탐라,온라인(ZOOM),59/50  (대기 : 10) ,2021-05-29 ~ 2021-05-29,2021-05-10 ~ 2021-05-20,없음,도민
조천읍도서관 2021년 도서관 지혜학교  ‘노자 『도덕경』으로의 초대’..,조천,온라인 ZOOM 수업,15/20 ,2021-05-25 ~ 2021-08-10,2021-05-05 ~ 2021-05-12,없음,성인(도민)
"(5.16.일)서귀포기적의도서관 ""도서관과 함께하는 북(BOOK) 나들이"" 사업 ..",서귀포기적,서귀포시 인근,0/5  (대기 : 2) ,2021-05-16 ~ 2021-05-27,2021-05-05 ~ 2021-05-12,무료,초등학생
"(5.15.토)서귀포기적의도서관 ""도서관과 함께하는 북(BOOK) 나들이"" 사업 ..",서귀포기적,서귀포시 인근,1/5  (대기 : 2) ,2021-05-15 ~ 2021-05-26,2021-05-05 ~ 2021-05-12,무료,초등학생
(온라인)책방 속 마법 우체국 마술 공연_어린이 책 잔치(제주시민 100명)..,제주시기적,비대면 온라인,99/100 ,2021-05-09 ~ 2021-05-09,2021-05-01 ~ 2021-05-06,무료,초등학생
(온라인)이야기 속 제주 돌담 꾸미기_어린이 책 잔치(제주시민 100명)..,제주시기적,온라인(유튜브 영상),100/100 ,2021-05-05 ~ 2021-05-09,2021-05-01 ~ 2021-05-05,무료,초등학생
(온라인)어린이날 그림책 북 콘서트_어린이 책 잔치(초등학생 1~4학년)..,제주시기적,온라인(ZOOM활용),54/100 ,2021-05-05 ~ 2021-05-05,2021-05-01 ~ 2021-05-05,무료,초등학생
"어린이날 기념 ""룰루랄라 그림책!"" 교육 활동",서귀포기적,온라인 비대면 수업,15/20  (대기 : 3) ,2021-05-09 ~ 2021-05-16,2021-04-30 ~ 2021-05-04,무료,초등학생
빛과 모래로 들려주는 동화책 샌드북 공연,서귀포기적,각 유치원 및 어린이집,13/15  (대기 : 3) ,2021-05-07 ~ 2021-05-07,2021-04-30 ~ 2021-05-04,무료,유아
서귀포기적의도서관 상반기 생활과학교실 <틴커캐드와 3D 프린터로 즐기는 ..,서귀포기적,온라인 비대면 수업,5/12  (대기 : 3) ,2021-05-08 ~ 2021-06-12,2021-04-27 ~ 2021-05-03,무료,초등학생
(플러스반)서귀포기적의도서관 2021 제1기 「북스타트 프로그램」 참가자 ..,서귀포기적,온라인 비대면 수업,0/10  (대기 : 2) ,2021-05-07 ~ 2021-05-28,2021-04-23 ~ 2021-05-03,"6,000",유아
(베이비반)서귀포기적의도서관 2021 제1기 「북스타트 프로그램」 참가자 ..,서귀포기적,온라인 비대면 수업,0/10  (대기 : 2) ,2021-05-07 ~ 2021-05-28,2021-04-23 ~ 2021-05-03,"6,000",유아
"(온라인)자연을 배우고 체험해요, 책으로!_초등1~2학년..",제주시기적,비대면 온라인(ZOOM활용),25/25 ,2021-05-01 ~ 2021-05-22,2021-04-22 ~ 2021-04-28,,초등학생
"(5.2.일)서귀포기적의도서관 ""도서관과 함께하는 북(BOOK) 나들이"" 사업 참..",서귀포기적,서귀포시 인근,5/5  (대기 : 2) ,2021-05-02 ~ 2021-05-13,2021-04-21 ~ 2021-04-29,무료,초등학생
"(5.1.토)서귀포기적의도서관 ""도서관과 함께하는 북(BOOK) 나들이"" 사업 참..",서귀포기적,서귀포시 인근,5/5  (대기 : 2) ,2021-05-01 ~ 2021-05-12,2021-04-21 ~ 2021-04-29,무료,초등학생
(온라인)길 위의 인문학_일반시민 30명,제주시기적,비대면 온라인(ZOOM활용),34/30 ,2021-04-27 ~ 2021-07-06,2021-04-21 ~ 2021-04-26,,성인(도민)
<인권서당 1기 - 우리의 인권을 지켜줘!>,삼매봉,온라인 비대면(ZOOM),8/12  (대기 : 5) ,2021-05-08 ~ 2021-05-29,2021-04-19 ~ 2021-05-07,무료,초등학생
[접수마감]나만의 책 만들기: 제주독립출판 제작,탐라,온라인(ZOOM) / 대면 시 탐라도서관 세미나실,35/30  (대기 : 5) ,2021-04-25 ~ 2021-09-05,2021-04-19 ~ 2021-04-22,없음,성인(도민)
중앙도서관 상반기 생활과학교실 참가자 모집(초등학교 4~6학년)..,중앙,,10/10  (대기 : 5) ,2021-05-08 ~ 2021-07-10,2021-04-15 ~ 2021-05-09,무료,초등학생
"(4.25.일)서귀포기적의도서관 ""도서관과 함께하는 북(BOOK) 나들이"" 사업 ..",서귀포기적,서귀포시 인근,4/5  (대기 : 2) ,2021-04-25 ~ 2021-04-25,2021-04-14 ~ 2021-04-22,무료,초등학생
그 시절 우리가 좋아했던 명시,동부,비대면(zoom),4/30 ,2021-04-18 ~ 2021-04-18,2021-04-13 ~ 2021-04-17,무료,성인(도민)
"(4.24.토)서귀포기적의도서관 ""도서관과 함께하는 북(BOOK) 나들이"" 사업 ..",서귀포기적,서귀포시 인근,4/5  (대기 : 2) ,2021-04-24 ~ 2021-04-24,2021-04-13 ~ 2021-04-22,무료,초등학생
노명우 사회학자와 함께 읽는 고전 읽기 <프로테스탄티즘의 윤리와 자본주..,탐라,온라인(ZOOM),44/50 ,2021-04-24 ~ 2021-04-24,2021-04-10 ~ 2021-04-20,없음,성인(도민)
<모든 것은 영원했다> 정지돈 작가 강연,탐라,온라인(ZOOM),32/50 ,2021-04-24 ~ 2021-04-24,2021-04-10 ~ 2021-04-21,없음,성인(도민)
세계 책의 날 그림책 테라피 특강 <가만히 기울이면> 신청..,서귀포기적,온라인 비대면 수업(ZOOM 활용),25/20  (대기 : 5) ,2021-04-23 ~ 2021-04-23,2021-04-08 ~ 2021-04-22,무료,성인(도민)
(16시~)서귀포기적의도서관 [휴대용 캐릭터 비누 만들기] 참가자 모집..,서귀포기적,온라인 비대면 수업,11/10  (대기 : 3) ,2021-04-16 ~ 2021-04-16,2021-04-07 ~ 2021-04-14,"5,000",초등학생
"(4.18.일)서귀포기적의도서관 ""도서관과 함께하는 북(BOOK) 나들이"" 사업 ..",서귀포기적,서귀포시 인근,6/5  (대기 : 2) ,2021-04-18 ~ 2021-04-18,2021-04-07 ~ 2021-04-15,무료,초등학생
"(4.17.토)서귀포기적의도서관 ""도서관과 함께하는 북(BOOK) 나들이"" 사업 ..",서귀포기적,서귀포시 인근,5/5  (대기 : 2) ,2021-04-17 ~ 2021-04-17,2021-04-06 ~ 2021-04-15,무료,초등학생
안덕산방도서관 「산방 통사모」 동아리 회원 모집,안덕산방,안덕산방도서관 문화창작실,4/5  (대기 : 3) ,2021-05-01 ~ 2021-05-01,2021-04-06 ~ 2021-04-16,무료,성인(도민)
안덕산방도서관 「산방 코딩놀이터」학습동아리 회원 모집..,안덕산방,안덕산방도서관 문화창작실,15/10  (대기 : 5) ,2021-05-08 ~ 2021-05-08,2021-04-06 ~ 2021-04-06,무료,초등학생
안덕산방도서관 「나만의 독서대 만들기」 프로그램 참가자 모집..,안덕산방,온라인 화상 플랫폼 (ZOOM),10/15  (대기 : 3) ,2021-04-17 ~ 2021-04-17,2021-04-06 ~ 2021-04-11,"12,000원",초등학생
(온라인)도서관주간 행사 '집에서 콕! 마크라메로 만드는 책걸이' 참여자 ..,제주시기적,온라인 비대면,100/100 ,2021-04-13 ~ 2021-04-18,2021-04-06 ~ 2021-04-09,무료,성인(도민)
"서귀포기적의도서관 ""역사논술-처음으로 세운 나라 고조선"" 참가자 모집..",서귀포기적,온라인 비대면 교육,12/12  (대기 : 3) ,2021-04-10 ~ 2021-05-01,2021-04-03 ~ 2021-04-08,무료,초등학생
"서귀포기적의도서관 ""그림책 속 나의 친구들"" 참가자 모집..",서귀포기적,온라인 비대면 수업,12/12  (대기 : 3) ,2021-04-18 ~ 2021-05-09,2021-04-03 ~ 2021-04-09,무료,초등학생
[중앙] 2021 중앙도서관 도서관주간 제주작가와 함께하는 책 강연회 참가자..,중앙,중앙도서관 시청각실,9/20  (대기 : 10) ,2021-04-17 ~ 2021-04-18,2021-04-01 ~ 2021-04-15,무료,성인(도민)
그림책을 통한 자녀와의 의사소통,조천,비대면 온라인 강의(유튜브) ,20/20 ,2021-04-14 ~ 2021-04-14,2021-04-01 ~ 2021-04-08,없음,성인(도민)
"(4.11.일)서귀포기적의도서관 ""도서관과 함께하는 북(BOOK) 나들이"" 사업 ..",서귀포기적,서귀포시 인근,6/5  (대기 : 2) ,2021-04-11 ~ 2021-04-11,2021-03-31 ~ 2021-04-08,무료,초등학생
내가 green 가든,조천,비대면 온라인 강의(유튜브),23/15  (대기 : 7) ,2021-04-22 ~ 2021-05-27,2021-03-31 ~ 2021-04-06,없음,성인(도민)
책으로 떠나는 세계여행,조천,온라인 비대면 강의(유튜브),22/20  (대기 : 3) ,2021-04-18 ~ 2021-05-23,2021-03-31 ~ 2021-04-06,없음,초등학생
동화와 함께하는 과학탐구,조천,비대면 온라인 강의(유튜브),14/15  (대기 : 2) ,2021-04-17 ~ 2021-05-22,2021-03-31 ~ 2021-04-06,없음,초등학생
"(4.10.토)서귀포기적의도서관 ""도서관과 함께하는 북(BOOK) 나들이"" 사업 ..",서귀포기적,서귀포시 인근,7/5  (대기 : 2) ,2021-04-10 ~ 2021-04-10,2021-03-30 ~ 2021-04-07,0,초등학생
서부도서관 상반기 생활과학교실 <재미있는 과학실험> 참가자 모집..,서부,서부도서관 문화창작실,13/10  (대기 : 3) ,2021-04-10 ~ 2021-06-19,2021-03-26 ~ 2021-03-31,무료,초등학생
"(일요일)서귀포기적의도서관 ""도서관과 함께하는 북(BOOK)나들이"" 참가자 ..",서귀포기적,서귀포시 인근 지역,5/5  (대기 : 2) ,2021-04-04 ~ 2021-04-04,2021-03-25 ~ 2021-04-01,0,초등학생
"(토요일)서귀포기적의도서관 ""도서관과 함께하는 북(BOOK)나들이"" 참가자 ..",서귀포기적,서귀포 인근 지역,6/5  (대기 : 2) ,2021-04-03 ~ 2021-04-03,2021-03-25 ~ 2021-04-01,0,초등학생
(온라인)생각의 힘을 키워요! 포디프레임_초등3~4학년,제주시기적,비대면 온라인(ZOOM활용),20/20 ,2021-04-03 ~ 2021-04-24,2021-03-25 ~ 2021-03-31,,초등학생
<선착순 접수마감> 한글,동부,동부도서관,2/12 ,2021-05-25 ~ 2021-06-02,2021-03-23 ~ 2021-04-02,무료,성인(도민)
<선착순 접수마감>컴퓨터100배활용하기&모바일활용,동부,동부도서관,2/12 ,2021-04-27 ~ 2021-05-04,2021-03-23 ~ 2021-04-02,무료,성인(도민)
한경도서관 '자녀를 위한 독서 지도법' 운영,한경,비대면 실시간 온라인(ZOOM 프로그램) 진행,20/20 ,2021-04-07 ~ 2021-04-28,2021-03-22 ~ 2021-03-29,0,성인(도민)
<제6기 탐라도서관대학> 수강생 모집,탐라,온라인(ZOOM),60/50  (대기 : 10) ,2021-04-06 ~ 2021-08-24,2021-03-22 ~ 2021-03-31,없음,성인(도민)
연극도 읽을 수 있을까?,애월,비대면(ZOOM),16/14  (대기 : 2) ,2021-03-27 ~ 2021-05-01,2021-03-16 ~ 2021-03-26,무료,초등학생
손으로 만들며 알아보는 우주·항공 과학(4~6학년),애월,비대면(ZOOM),14/12  (대기 : 2) ,2021-03-28 ~ 2021-04-18,2021-03-16 ~ 2021-03-26,무료,초등학생
우리 집은 과학실험실(1~3학년),애월,비대면(ZOOM),14/12  (대기 : 2) ,2021-03-28 ~ 2021-04-18,2021-03-16 ~ 2021-03-26,무료,초등학생
<탐라서향> 낭독 독서회 신규 회원 모집,탐라,온라인(ZOOM),7/7 ,2021-04-13 ~ 2021-07-27,2021-03-13 ~ 2021-07-31,없음,성인(도민)
독서문화학교 「명화 인문학 교실」(초등 4~6학년),우당,ZOOM 온라인 수업,22/20  (대기 : 5) ,2021-03-27 ~ 2021-04-24,2021-03-12 ~ 2021-03-21,무료,초등학생
독서문화학교 「작가의 독서법」(성인),우당,ZOOM 온라인 수업,28/20  (대기 : 10) ,2021-03-24 ~ 2021-04-21,2021-03-12 ~ 2021-03-21,무료,성인(도민)
독서문화학교 「세계사를 통해 고전 읽기」(성인),우당,ZOOM 온라인 수업,26/20  (대기 : 10) ,2021-03-23 ~ 2021-05-25,2021-03-12 ~ 2021-03-21,무료,성인(도민)
'호모 루덴스' 노명우 작가 강연_ 고전 읽기 3월,탐라,온라인(줌),40/50 ,2021-03-27 ~ 2021-03-27,2021-03-10 ~ 2021-03-20,없음,도민
"'사이보그가 되다' 김원영, 김초엽 작가 강연",탐라,온라인(줌),53/50  (대기 : 10) ,2021-03-20 ~ 2021-03-20,2021-03-08 ~ 2021-03-17,없음,도민
서부도서관 신규 동아리 회원 모집,서부,온라인화상플랫폼/문화창작실,4/30 ,2021-04-01 ~ 2021-06-06,2021-03-03 ~ 2021-03-24,,성인(도민)
서부도서관 언택트 책처방 '나를 위한 북(Book)타민' 참여자 모집..,서부,,4/0 ,2021-03-03 ~ 2021-05-15,2021-03-03 ~ 2021-05-15,,기타
서부도서관 상반기 프로그램(일반인) 참가자 모집,서부,온라인 화상 플랫폼(ZOOM),15/15  (대기 : 3) ,2021-03-16 ~ 2021-05-18,2021-02-26 ~ 2021-03-05,,성인(도민)
서부도서관 상반기 프로그램(초등4~6학년) 참가자 모집..,서부,온라인 화상 플랫폼(ZOOM),15/12  (대기 : 3) ,2021-03-13 ~ 2021-04-24,2021-02-26 ~ 2021-03-01,,초등학생
서부도서관 상반기 프로그램(초등1~3학년) 참가자 모집..,서부,온라인 화상 플랫폼(ZOOM),15/12  (대기 : 3) ,2021-03-13 ~ 2021-04-24,2021-02-26 ~ 2021-02-26,,초등학생
(온라인)즐거운 인공지능(AI)_초등5~6학년,제주시기적,비대면 온라인(ZOOM활용),17/15  (대기 : 2) ,2021-03-06 ~ 2021-03-27,2021-02-25 ~ 2021-03-03,,초등학생
안덕산방도서관 「야간 중국어 배움터」 참가자 모집..,안덕산방,안덕산방도서관 문화창작실 ,10/12  (대기 : 5) ,2021-03-15 ~ 2021-05-26,2021-02-23 ~ 2021-02-24,0,성인(도민)
디지털 보드게임 AI WORLD(4~5학년),애월,비대면,13/12 ,2021-02-20 ~ 2021-02-27,2021-02-15 ~ 2021-02-20,무료,초등학생
즐기면서 배우는 FUN!FUN! 코딩 놀이터(2~3학년),애월,비대면,12/12 ,2021-02-22 ~ 2021-02-25,2021-02-15 ~ 2021-02-20,무료,초등학생
박준 시인 '시를 어루만지다' 2월 고전 읽기 강연,탐라,온라인 줌(ZOOM),45/40  (대기 : 5) ,2021-02-27 ~ 2021-02-27,2021-02-10 ~ 2021-02-20,0,도민
안덕산방도서관 <초등 자존감 수업> 저자 강연  참가자 모집..,안덕산방,온라인 화상 플랫폼(ZOOM),35/30  (대기 : 5) ,2021-02-17 ~ 2021-02-17,2021-02-08 ~ 2021-02-08,무료,성인(도민)
동물권 에세이 '살리는 일' 박소영 작가 강연,탐라,,32/50 ,2021-02-20 ~ 2021-02-20,2021-02-08 ~ 2021-02-18,,도민
서부도서관 신규 동아리 개설 및 회원 모집,서부,대면/비대면,4/10 ,2021-02-04 ~ 2021-02-23,2021-02-04 ~ 2021-02-23,,성인(도민)
한경도서관 어린이 겨울방학특강 '집에서 떠나는 세계문화 여행' 참가자 모..,한경,자택(비대면 온라인 줌(ZOOM) 교육),20/20 ,2021-02-22 ~ 2021-02-25,2021-02-04 ~ 2021-02-10,0,초등학생
(선착순접수마감) MS오피스(엑셀&파워포인트),동부,동부도서관 정보화교육장,10/12 ,2021-03-16 ~ 2021-03-31,2021-02-03 ~ 2021-02-17,무료,성인(도민)
(선착순 접수마감)이미지와 동영상을 내맘대로 ,동부,동부도서관 정보화교육장,6/12 ,2021-02-23 ~ 2021-03-03,2021-02-03 ~ 2021-02-17,무료,성인(도민)
2021년 상반기 비대면 프로그램 모집,중앙,중앙도서관 시청각실 및 수강생 각 가정(온라인 비대면 수업 ZOOM),12/20  (대기 : 5) ,2021-02-20 ~ 2021-03-13,2021-02-01 ~ 2021-02-18,무료,성인(도민)
서귀포기적의도서관 겨울방학 온라인 글쓰기 프로그램 참가자 모집..,서귀포기적,비대면 교육(ZOOM 활용),17/12  (대기 : 5) ,2021-02-02 ~ 2021-02-23,2021-01-29 ~ 2021-02-01,무료,초등학생
'어린이 겨울방학특강' 초등3(예비4)학년,탐라,온라인 줌(ZOOM),18/15  (대기 : 3) ,2021-02-03 ~ 2021-02-25,2021-01-28 ~ 2021-01-30,무료,초등학생
'어린이 겨울방학특강' 초등4(예비5)학년,탐라,온라인 줌(ZOOM),18/15  (대기 : 3) ,2021-02-01 ~ 2021-02-23,2021-01-28 ~ 2021-01-30,0,초등학생
'어린이 겨울방학특강' 초등2(예비3)학년,탐라,온라인 줌(ZOOM),18/15  (대기 : 3) ,2021-02-01 ~ 2021-02-23,2021-01-28 ~ 2021-01-30,0,초등학생
청소년 방학특강 「나는 미디어로 표현한다」,우당,비대면 온라인(zoom 활용),23/20  (대기 : 5) ,2021-02-03 ~ 2021-02-10,2021-01-22 ~ 2021-01-31,무료,중고등학생
"어린이 방학특강 「그림책, 일상 아트」",우당,비대면 온라인(zoom 활용),25/20  (대기 : 5) ,2021-02-16 ~ 2021-02-20,2021-01-22 ~ 2021-01-31,무료,초등학생
안덕산방도서관 제주 소프트웨어 미래채움 교육 참가자 모집(4~6학년)..,안덕산방,온라인 화상 플랫폼(ZOOM),12/10  (대기 : 3) ,2021-02-02 ~ 2021-02-23,2021-01-21 ~ 2021-01-23,무료,초등학생
안덕산방도서관 제주 소프트웨어 미래채움 교육 참가자 모집(2~3학년)..,안덕산방,온라인 화상 플랫폼(ZOOM),13/10  (대기 : 3) ,2021-02-03 ~ 2021-02-24,2021-01-21 ~ 2021-01-23,무료,초등학생
서귀포기적의도서관 제주 소프트웨어 미래채움 교육 참가자 모집(인공지능 ..,서귀포기적,비대면 교육(ZOOM 활용),12/12  (대기 : 5) ,2021-01-26 ~ 2021-01-29,2021-01-20 ~ 2021-01-24,무료,초등학생
서귀포기적의도서관 제주 소프트웨어 미래채움 교육 참가자 모집(FUN! FUN!..,서귀포기적,비대면 교육(ZOOM 활용),15/12  (대기 : 5) ,2021-02-09 ~ 2021-02-17,2021-01-20 ~ 2021-01-31,무료,초등학생
'다 된 만화에 페미니즘 끼얹기' 탱알 작가 강연,탐라,온라인 줌(ZOOM) 비대면,37/40 ,2021-01-31 ~ 2021-01-31,2021-01-18 ~ 2021-01-28,없음,도민
"(온라인)책과 함께하는 방구석 세계여행(초등3~6학년, 2020학년도)..",제주시기적,온라인 수업(줌 화상회의),21/20 ,2021-01-26 ~ 2021-01-29,2021-01-13 ~ 2021-01-19,무료,초등학생
"(온라인)책이랑 북적북적(초등1~2학년, 2020학년도)",제주시기적,온라인 수업(줌 화상회의),15/15 ,2021-02-02 ~ 2021-02-05,2021-01-13 ~ 2021-01-19,무료,초등학생
서부도서관 겨울독서교실 <그림책과 함께하는 마음산책>..,서부,비대면 재택교육,15/10  (대기 : 5) ,2021-01-19 ~ 2021-01-22,2021-01-12 ~ 2021-01-18,0,초등학생
탐라도서관 어린이 겨울 독서교실 신청(초등 3학년),탐라,온라인 줌(ZOOM),15/15 ,2021-01-18 ~ 2021-01-26,2021-01-11 ~ 2021-01-14,무료,초등학생
탐라도서관 박준 시인과 함께 읽는 고전 '백석 평전',탐라,온라인 줌(ZOOM),44/40  (대기 : 5) ,2021-01-30 ~ 2021-01-30,2021-01-08 ~ 2021-01-20,무료,도민
겨울 독서 교실 '집콕! 그림책과 함께 생각 나눔!',우당,비대면 온라인(zoom활용),20/20 ,2021-01-16 ~ 2021-02-06,2021-01-07 ~ 2021-01-13,무료,초등학생
글쓰기로 마음 치유하기,조천,조천읍도서관 유튜브채널,16/15 ,2021-01-16 ~ 2021-02-20,2021-01-06 ~ 2021-01-13,무료,초등학생
안덕산방도서관 2021 겨울독서교실 참가자 모집,안덕산방,온라인 화상 플랫폼,12/12 ,2021-01-18 ~ 2021-01-21,2021-01-06 ~ 2021-01-13,무료,초등학생
2021년 한라도서관 전시실 8차 대관신청 (2021.12.16.~12.30.)..,한라,한라도서관1층 전시실,1/1 ,2021-12-16 ~ 2021-12-30,2020-12-28 ~ 2021-01-06,무료,기타
2021년 한라도서관 전시실 7차 대관신청 (2021.11.16.~11.30.)..,한라,한라도서관1층 전시실,1/1 ,2021-11-16 ~ 2021-11-30,2020-12-28 ~ 2021-01-06,무료,기타
2021년 한라도서관 전시실 6차 대관신청 (2021.10.15.~10.29.)..,한라,한라도서관1층 전시실,1/1 ,2021-10-15 ~ 2021-10-29,2020-12-28 ~ 2021-01-06,무료,기타
2021년 한라도서관 전시실 5차 대관신청 (2021.8.16.~8.30.),한라,한라도서관1층 전시실,1/1 ,2021-08-16 ~ 2021-08-30,2020-12-28 ~ 2021-01-06,무료,기타
2021년 한라도서관 전시실 4차 대관신청 (2021.7.16.~7.30.),한라,한라도서관1층 전시실,0/1 ,2021-07-16 ~ 2021-07-30,2020-12-28 ~ 2021-01-06,무료,기타
2021년 한라도서관 전시실 3차 대관신청 (2021.6.16.~6.30.),한라,한라도서관1층 전시실,0/1 ,2021-06-16 ~ 2021-06-30,2020-12-28 ~ 2021-01-06,무료,기타
2021년 한라도서관 전시실 2차 대관신청 (2021.5.17.~5.31.),한라,한라도서관1층 전시실,0/1 ,2021-05-17 ~ 2021-05-31,2020-12-28 ~ 2021-01-06,무료,기타
2021년 한라도서관 전시실 1차 대관신청 (2021.3.16.~3.30.),한라,한라도서관1층 전시실,0/1 ,2021-03-16 ~ 2021-03-30,2020-12-28 ~ 2021-01-06,무료,기타
2021년 조천읍도서관 겨울독서교실,조천,비대면 온라인,15/15 ,2021-01-18 ~ 2021-01-21,2020-12-28 ~ 2021-01-04,무료,초등학생
2021 한경도서관 겨울독서교실 참가자 모집,한경,자택(비대면교육),1/8 ,2021-01-11 ~ 2021-01-14,2020-12-06 ~ 2020-12-06,무료,초등학생
